city,country,continent,year_month,month,pm25,pm10,no2,o3,so2,aqi
Amsterdam,NL,Europe,2023-01,1,21.99,42.74,38.95,42.97,3.89,70.71
Amsterdam,NL,Europe,2023-02,2,24.11,45.92,40.01,43.6,4.31,75.39
Amsterdam,NL,Europe,2023-03,3,18.47,35.03,30.6,43.36,3.32,62.12
Amsterdam,NL,Europe,2023-04,4,15.33,30.23,29.05,42.43,2.71,54.13
Amsterdam,NL,Europe,2023-05,5,19.65,36.83,31.28,43.77,3.56,65.01
Amsterdam,NL,Europe,2023-06,6,14.74,27.97,25.24,42.84,2.66,52.33
Amsterdam,NL,Europe,2023-07,7,14.34,27.33,25.13,42.78,2.6,50.79
Amsterdam,NL,Europe,2023-08,8,15.2,28.71,25.65,43.09,2.76,53.64
Amsterdam,NL,Europe,2023-09,9,17.07,32.76,29.88,42.93,3.06,58.78
Amsterdam,NL,Europe,2023-10,10,16.62,31.97,29.56,42.74,2.98,56.98
Amsterdam,NL,Europe,2023-11,11,18.31,34.75,30.46,43.28,3.3,61.51
Amsterdam,NL,Europe,2023-12,12,22.2,43.05,39.05,43.03,3.93,71.13
Amsterdam,NL,Europe,2024-01,1,21.16,41.49,38.53,42.72,3.72,68.89
Amsterdam,NL,Europe,2024-02,2,18.81,37.78,37.29,41.98,3.26,63.7
Amsterdam,NL,Europe,2024-03,3,15.84,31.03,29.34,42.6,2.85,54.47
Amsterdam,NL,Europe,2024-04,4,18.66,35.29,30.76,43.46,3.37,61.95
Amsterdam,NL,Europe,2024-05,5,17.8,33.88,30.26,43.16,3.19,59.95
Amsterdam,NL,Europe,2024-06,6,14.99,28.4,25.39,42.93,2.72,53.14
Amsterdam,NL,Europe,2024-07,7,13.95,26.88,25.03,42.72,2.49,50.44
Amsterdam,NL,Europe,2024-08,8,16.35,30.41,26.05,43.33,2.97,56.55
Amsterdam,NL,Europe,2024-09,9,17.73,33.89,30.28,43.17,3.18,59.68
Amsterdam,NL,Europe,2024-10,10,17.47,33.46,30.13,43.08,3.13,59.12
Amsterdam,NL,Europe,2024-11,11,18.81,35.33,30.77,43.46,3.43,62.05
Amsterdam,NL,Europe,2024-12,12,20.3,40.19,38.1,42.46,3.54,66.94
Amsterdam,NL,Europe,2025-01,1,20.96,41.18,38.43,42.66,3.68,68.28
Amsterdam,NL,Europe,2025-02,2,21.91,42.61,38.9,42.94,3.86,70.93
Amsterdam,NL,Europe,2025-03,3,15.86,30.95,29.22,42.53,2.83,55.15
Amsterdam,NL,Europe,2025-04,4,16.31,31.81,29.6,42.76,2.92,56.4
Amsterdam,NL,Europe,2025-05,5,17.51,33.63,30.21,43.13,3.13,60.05
Amsterdam,NL,Europe,2025-06,6,13.88,26.59,24.92,42.65,2.5,49.8
Amsterdam,NL,Europe,2025-07,7,15.11,28.8,25.73,43.14,2.72,54.01
Amsterdam,NL,Europe,2025-08,8,14.46,27.63,25.31,42.88,2.63,51.25
Amsterdam,NL,Europe,2025-09,9,14.94,29.91,28.97,42.38,2.62,53.14
Amsterdam,NL,Europe,2025-10,10,15.95,31.11,29.28,42.57,2.82,56.13
Amsterdam,NL,Europe,2025-11,11,16.07,31.4,29.46,42.67,2.86,55.71
Amsterdam,NL,Europe,2025-12,12,23.08,44.28,39.46,43.28,4.12,72.95
Bangkok,TH,Asia,2023-01,1,69.64,133.33,53.54,49.37,12.71,159.71
Bangkok,TH,Asia,2023-02,2,70.48,134.97,54.09,49.69,12.8,162.12
Bangkok,TH,Asia,2023-03,3,58.75,110.62,43.87,51.12,10.75,142.89
Bangkok,TH,Asia,2023-04,4,53.87,103.31,41.44,49.66,9.79,134.54
Bangkok,TH,Asia,2023-05,5,51.78,100.16,40.39,49.03,9.36,133.33
Bangkok,TH,Asia,2023-06,6,50.24,93.94,37.12,50.75,9.23,126.98
Bangkok,TH,Asia,2023-07,7,51.91,96.98,38.28,51.55,9.53,132.47
Bangkok,TH,Asia,2023-08,8,41.61,80.73,32.82,48.27,7.54,111.22
Bangkok,TH,Asia,2023-09,9,58.46,110.19,43.73,51.04,10.69,144.05
Bangkok,TH,Asia,2023-10,10,57.19,108.28,43.09,50.66,10.44,143.18
Bangkok,TH,Asia,2023-11,11,48.7,94.82,38.59,47.96,8.84,123.4
Bangkok,TH,Asia,2023-12,12,72.42,137.88,55.06,50.28,13.18,166.54
Bangkok,TH,Asia,2024-01,1,73.51,139.52,55.61,50.6,13.41,162.15
Bangkok,TH,Asia,2024-02,2,69.88,134.06,53.79,49.51,12.68,161.89
Bangkok,TH,Asia,2024-03,3,58.35,110.03,43.68,51.01,10.67,143.9
Bangkok,TH,Asia,2024-04,4,56.62,107.43,42.81,50.49,10.32,138.1
Bangkok,TH,Asia,2024-05,5,57.0,108.01,43.0,50.6,10.4,142.52
Bangkok,TH,Asia,2024-06,6,41.15,80.04,32.6,48.14,7.48,109.07
Bangkok,TH,Asia,2024-07,7,43.47,83.48,33.71,48.81,7.93,113.99
Bangkok,TH,Asia,2024-08,8,43.4,83.23,33.65,48.77,7.88,115.4
Bangkok,TH,Asia,2024-09,9,47.35,93.52,38.18,47.71,8.47,124.85
Bangkok,TH,Asia,2024-10,10,54.3,103.96,41.65,49.79,9.88,135.38
Bangkok,TH,Asia,2024-11,11,57.76,109.13,43.38,50.83,10.55,143.16
Bangkok,TH,Asia,2024-12,12,69.56,133.59,53.63,49.42,12.61,159.14
Bangkok,TH,Asia,2025-01,1,65.33,127.25,51.52,48.15,11.77,153.21
Bangkok,TH,Asia,2025-02,2,66.32,128.72,52.01,48.44,11.97,152.78
Bangkok,TH,Asia,2025-03,3,57.98,108.53,43.18,50.71,10.66,140.32
Bangkok,TH,Asia,2025-04,4,58.33,109.96,43.65,50.99,10.7,141.97
Bangkok,TH,Asia,2025-05,5,49.87,97.3,39.43,48.46,8.98,127.71
Bangkok,TH,Asia,2025-06,6,45.96,87.51,35.03,49.6,8.39,118.8
Bangkok,TH,Asia,2025-07,7,48.91,92.1,36.65,50.57,8.96,125.45
Bangkok,TH,Asia,2025-08,8,42.88,82.93,33.59,48.73,7.76,114.85
Bangkok,TH,Asia,2025-09,9,56.92,107.89,42.96,50.58,10.38,139.91
Bangkok,TH,Asia,2025-10,10,59.34,110.68,43.89,51.14,10.93,144.4
Bangkok,TH,Asia,2025-11,11,58.54,110.3,43.77,51.06,10.71,142.5
Bangkok,TH,Asia,2025-12,12,61.78,121.92,49.74,47.08,11.06,148.63
Beijing,CN,Asia,2023-01,1,101.36,181.3,60.43,37.26,24.17,188.18
Beijing,CN,Asia,2023-02,2,107.35,190.28,63.43,39.06,25.37,200.99
Beijing,CN,Asia,2023-03,3,88.53,155.3,51.77,41.06,20.71,182.04
Beijing,CN,Asia,2023-04,4,92.97,161.49,53.83,42.3,21.53,186.89
Beijing,CN,Asia,2023-05,5,77.46,138.63,46.21,37.73,18.48,165.64
Beijing,CN,Asia,2023-06,6,69.15,122.85,40.95,39.07,16.38,154.31
Beijing,CN,Asia,2023-07,7,80.7,140.18,46.73,42.54,18.69,161.48
Beijing,CN,Asia,2023-08,8,74.43,130.3,43.47,40.56,17.37,163.71
Beijing,CN,Asia,2023-09,9,73.84,132.15,44.11,36.36,17.61,160.29
Beijing,CN,Asia,2023-10,10,81.25,144.01,48.01,38.8,19.2,167.99
Beijing,CN,Asia,2023-11,11,88.28,154.92,51.64,40.99,20.66,178.44
Beijing,CN,Asia,2023-12,12,104.91,186.62,62.21,38.32,24.88,196.96
Beijing,CN,Asia,2024-01,1,107.73,190.85,63.62,39.17,25.45,202.7
Beijing,CN,Asia,2024-02,2,100.91,180.61,60.2,37.12,24.08,192.36
Beijing,CN,Asia,2024-03,3,77.52,138.78,46.26,37.75,18.5,167.74
Beijing,CN,Asia,2024-04,4,92.13,160.69,53.56,42.14,21.43,178.33
Beijing,CN,Asia,2024-05,5,86.28,151.92,50.64,40.38,20.26,178.25
Beijing,CN,Asia,2024-06,6,67.67,120.08,40.08,38.49,16.0,152.4
Beijing,CN,Asia,2024-07,7,78.69,137.16,45.72,41.93,18.29,162.29
Beijing,CN,Asia,2024-08,8,74.14,130.34,43.45,40.57,17.38,162.27
Beijing,CN,Asia,2024-09,9,82.14,145.71,48.57,39.14,19.43,169.02
Beijing,CN,Asia,2024-10,10,91.15,159.23,53.07,41.85,21.23,180.32
Beijing,CN,Asia,2024-11,11,86.21,151.81,50.6,40.36,20.24,178.33
Beijing,CN,Asia,2024-12,12,108.98,192.72,64.24,39.54,25.7,203.05
Beijing,CN,Asia,2025-01,1,117.29,205.18,68.39,42.04,27.36,209.76
Beijing,CN,Asia,2025-02,2,107.33,190.24,63.41,39.05,25.37,192.25
Beijing,CN,Asia,2025-03,3,88.97,155.95,51.98,41.19,20.79,179.19
Beijing,CN,Asia,2025-04,4,81.34,143.84,48.0,38.74,19.17,171.59
Beijing,CN,Asia,2025-05,5,74.37,134.06,44.69,36.81,17.87,161.8
Beijing,CN,Asia,2025-06,6,81.15,140.75,46.92,42.65,18.77,172.83
Beijing,CN,Asia,2025-07,7,71.62,126.02,42.06,39.49,16.79,157.25
Beijing,CN,Asia,2025-08,8,81.83,141.87,47.29,42.87,18.92,173.75
Beijing,CN,Asia,2025-09,9,86.71,152.12,50.71,40.43,20.28,175.29
Beijing,CN,Asia,2025-10,10,83.75,148.12,49.37,39.63,19.75,173.36
Beijing,CN,Asia,2025-11,11,82.62,146.43,48.81,39.29,19.52,173.49
Beijing,CN,Asia,2025-12,12,109.39,193.34,64.45,39.67,25.78,201.72
Berlin,DE,Europe,2023-01,1,25.18,48.17,37.29,40.53,4.26,78.21
Berlin,DE,Europe,2023-02,2,25.12,48.08,37.26,40.52,4.24,78.04
Berlin,DE,Europe,2023-03,3,16.19,32.04,26.94,39.37,2.71,56.41
Berlin,DE,Europe,2023-04,4,18.06,35.0,28.0,40.0,3.06,61.41
Berlin,DE,Europe,2023-05,5,17.85,34.78,27.93,39.96,3.01,60.7
Berlin,DE,Europe,2023-06,6,18.08,33.46,24.94,40.68,3.19,60.2
Berlin,DE,Europe,2023-07,7,17.25,32.4,24.57,40.46,3.01,58.64
Berlin,DE,Europe,2023-08,8,15.86,30.31,23.86,40.04,2.71,55.55
Berlin,DE,Europe,2023-09,9,17.36,33.68,27.53,39.72,2.93,59.47
Berlin,DE,Europe,2023-10,10,17.11,33.32,27.42,39.65,2.9,58.75
Berlin,DE,Europe,2023-11,11,17.48,34.16,27.72,39.83,2.92,60.76
Berlin,DE,Europe,2023-12,12,23.25,45.27,36.32,39.95,3.87,73.79
Berlin,DE,Europe,2024-01,1,22.99,44.88,36.2,39.88,3.82,73.48
Berlin,DE,Europe,2024-02,2,21.18,41.55,35.04,39.18,3.55,67.74
Berlin,DE,Europe,2024-03,3,19.53,37.12,28.63,40.38,3.35,64.9
Berlin,DE,Europe,2024-04,4,16.74,33.02,27.34,39.6,2.81,58.22
Berlin,DE,Europe,2024-05,5,17.57,34.0,27.59,39.75,2.98,59.88
Berlin,DE,Europe,2024-06,6,15.74,30.04,23.8,40.0,2.69,55.3
Berlin,DE,Europe,2024-07,7,17.8,33.28,24.96,40.69,3.11,60.06
Berlin,DE,Europe,2024-08,8,15.38,29.35,23.6,39.88,2.69,53.02
Berlin,DE,Europe,2024-09,9,19.68,37.41,28.8,40.48,3.36,65.56
Berlin,DE,Europe,2024-10,10,17.47,34.07,27.69,39.81,2.94,59.65
Berlin,DE,Europe,2024-11,11,17.61,34.23,27.71,39.83,2.95,61.1
Berlin,DE,Europe,2024-12,12,23.2,45.2,36.3,39.94,3.89,73.3
Berlin,DE,Europe,2025-01,1,25.99,49.38,37.69,40.78,4.42,80.05
Berlin,DE,Europe,2025-02,2,24.11,46.57,36.76,40.21,4.04,75.71
Berlin,DE,Europe,2025-03,3,16.81,33.14,27.38,39.63,2.81,58.43
Berlin,DE,Europe,2025-04,4,18.71,35.88,28.27,40.16,3.17,63.28
Berlin,DE,Europe,2025-05,5,17.68,34.42,27.81,39.89,2.95,60.95
Berlin,DE,Europe,2025-06,6,17.19,32.12,24.41,40.37,3.01,58.51
Berlin,DE,Europe,2025-07,7,15.63,30.08,23.9,40.06,2.66,55.68
Berlin,DE,Europe,2025-08,8,16.48,31.15,24.26,40.28,2.87,56.37
Berlin,DE,Europe,2025-09,9,16.83,32.97,27.22,39.53,2.81,58.76
Berlin,DE,Europe,2025-10,10,15.95,31.67,26.85,39.31,2.68,55.86
Berlin,DE,Europe,2025-11,11,18.12,35.13,28.04,40.02,3.05,61.78
Berlin,DE,Europe,2025-12,12,22.84,44.66,36.12,39.83,3.81,72.76
Bogotá,CO,South America,2023-01,1,19.8,38.67,26.82,37.77,4.39,63.41
Bogotá,CO,South America,2023-02,2,18.8,37.29,26.28,37.45,4.19,60.53
Bogotá,CO,South America,2023-03,3,22.28,44.18,31.4,37.64,4.96,69.0
Bogotá,CO,South America,2023-04,4,23.39,46.4,32.46,38.28,5.23,73.28
Bogotá,CO,South America,2023-05,5,26.96,51.6,34.08,39.25,5.94,81.41
Bogotá,CO,South America,2023-06,6,24.61,51.06,37.42,37.41,5.62,74.91
Bogotá,CO,South America,2023-07,7,29.74,58.63,39.59,38.71,6.65,87.47
Bogotá,CO,South America,2023-08,8,24.04,50.08,37.09,37.21,5.5,73.94
Bogotá,CO,South America,2023-09,9,24.48,48.1,32.82,38.49,5.45,75.11
Bogotá,CO,South America,2023-10,10,27.06,52.01,33.88,39.13,5.97,81.3
Bogotá,CO,South America,2023-11,11,20.85,42.54,30.83,37.3,4.69,66.09
Bogotá,CO,South America,2023-12,12,21.13,40.82,27.67,38.28,4.66,66.43
Bogotá,CO,South America,2024-01,1,18.4,36.21,25.75,37.13,4.08,58.93
Bogotá,CO,South America,2024-02,2,21.54,42.24,28.46,38.75,4.8,69.18
Bogotá,CO,South America,2024-03,3,25.79,50.49,33.83,39.1,5.74,78.89
Bogotá,CO,South America,2024-04,4,24.75,49.12,33.37,38.82,5.55,76.88
Bogotá,CO,South America,2024-05,5,23.18,45.71,32.12,38.07,5.15,71.29
Bogotá,CO,South America,2024-06,6,22.71,48.26,36.49,36.85,5.24,70.78
Bogotá,CO,South America,2024-07,7,27.03,54.32,38.44,38.02,6.08,81.82
Bogotá,CO,South America,2024-08,8,26.8,53.95,38.38,37.99,6.02,79.99
Bogotá,CO,South America,2024-09,9,20.97,42.07,30.76,37.26,4.69,66.38
Bogotá,CO,South America,2024-10,10,22.96,45.82,31.87,37.92,5.15,72.28
Bogotá,CO,South America,2024-11,11,21.36,43.66,31.53,37.72,4.84,68.37
Bogotá,CO,South America,2024-12,12,21.48,41.33,28.04,38.51,4.72,67.44
Bogotá,CO,South America,2025-01,1,18.16,35.41,25.41,36.92,3.99,58.4
Bogotá,CO,South America,2025-02,2,18.85,37.42,26.61,37.65,4.2,61.3
Bogotá,CO,South America,2025-03,3,22.86,45.19,31.89,37.93,5.08,70.95
Bogotá,CO,South America,2025-04,4,21.98,44.39,31.8,37.88,4.95,68.67
Bogotá,CO,South America,2025-05,5,21.17,42.64,31.06,37.43,4.75,67.0
Bogotá,CO,South America,2025-06,6,27.16,55.01,38.74,38.2,6.14,82.11
Bogotá,CO,South America,2025-07,7,25.42,52.34,37.85,37.67,5.78,78.21
Bogotá,CO,South America,2025-08,8,23.15,48.58,36.53,36.88,5.31,71.76
Bogotá,CO,South America,2025-09,9,23.42,46.7,32.54,38.32,5.25,72.63
Bogotá,CO,South America,2025-10,10,23.27,46.6,32.52,38.31,5.23,73.26
Bogotá,CO,South America,2025-11,11,24.0,46.91,32.44,38.26,5.32,74.3
Bogotá,CO,South America,2025-12,12,19.48,38.45,26.96,37.85,4.33,62.23
Buenos Aires,AR,South America,2023-01,1,28.62,53.97,28.76,46.89,5.22,84.99
Buenos Aires,AR,South America,2023-02,2,33.64,61.51,31.27,48.4,6.23,96.86
Buenos Aires,AR,South America,2023-03,3,45.06,80.59,39.53,50.12,8.41,121.53
Buenos Aires,AR,South America,2023-04,4,35.32,65.63,34.52,47.11,6.48,99.65
Buenos Aires,AR,South America,2023-05,5,30.99,59.12,32.37,45.82,5.64,90.35
Buenos Aires,AR,South America,2023-06,6,45.52,83.89,43.16,47.98,8.39,123.11
Buenos Aires,AR,South America,2023-07,7,38.71,73.67,39.76,45.93,7.02,108.69
Buenos Aires,AR,South America,2023-08,8,42.91,79.96,41.85,47.19,7.86,116.36
Buenos Aires,AR,South America,2023-09,9,43.03,77.54,38.51,49.51,8.02,116.35
Buenos Aires,AR,South America,2023-10,10,42.02,76.03,38.01,49.21,7.8,116.12
Buenos Aires,AR,South America,2023-11,11,40.72,73.67,37.22,48.73,7.6,110.43
Buenos Aires,AR,South America,2023-12,12,36.55,65.56,32.59,49.2,6.83,101.09
Buenos Aires,AR,South America,2024-01,1,35.21,63.86,32.05,48.87,6.55,99.8
Buenos Aires,AR,South America,2024-02,2,36.1,64.91,32.31,49.03,6.73,101.52
Buenos Aires,AR,South America,2024-03,3,40.02,73.03,37.01,48.61,7.4,109.84
Buenos Aires,AR,South America,2024-04,4,45.79,81.69,39.9,50.34,8.56,121.59
Buenos Aires,AR,South America,2024-05,5,37.54,69.31,35.77,47.86,6.93,103.93
Buenos Aires,AR,South America,2024-06,6,50.99,92.08,45.89,49.62,9.48,132.64
Buenos Aires,AR,South America,2024-07,7,48.22,87.93,44.51,48.79,8.92,127.85
Buenos Aires,AR,South America,2024-08,8,43.91,81.46,42.35,47.49,8.06,118.49
Buenos Aires,AR,South America,2024-09,9,38.2,69.9,35.97,47.98,7.08,104.63
Buenos Aires,AR,South America,2024-10,10,45.29,80.93,39.64,50.19,8.46,121.79
Buenos Aires,AR,South America,2024-11,11,31.51,60.26,32.75,46.05,5.72,91.89
Buenos Aires,AR,South America,2024-12,12,25.45,49.08,27.13,45.92,4.61,78.2
Buenos Aires,AR,South America,2025-01,1,31.76,58.22,30.17,47.74,5.9,91.78
Buenos Aires,AR,South America,2025-02,2,30.14,55.73,29.24,47.18,5.57,87.3
Buenos Aires,AR,South America,2025-03,3,38.09,70.13,36.04,48.03,7.02,106.01
Buenos Aires,AR,South America,2025-04,4,34.2,63.87,33.96,46.77,6.28,98.0
Buenos Aires,AR,South America,2025-05,5,35.06,65.59,34.53,47.12,6.41,99.94
Buenos Aires,AR,South America,2025-06,6,46.77,85.75,43.78,48.35,8.63,123.23
Buenos Aires,AR,South America,2025-07,7,45.71,84.16,43.25,48.03,8.42,120.76
Buenos Aires,AR,South America,2025-08,8,44.58,82.47,42.69,47.7,8.2,120.47
Buenos Aires,AR,South America,2025-09,9,39.23,71.5,36.32,48.19,7.27,108.88
Buenos Aires,AR,South America,2025-10,10,36.99,67.82,35.21,47.53,6.84,102.34
Buenos Aires,AR,South America,2025-11,11,41.34,75.01,37.67,49.0,7.69,113.24
Buenos Aires,AR,South America,2025-12,12,35.97,65.0,32.43,49.1,6.68,101.68
Cairo,EG,Africa,2023-01,1,81.94,154.78,38.84,50.36,15.54,176.9
Cairo,EG,Africa,2023-02,2,79.33,150.87,37.54,49.57,15.02,170.72
Cairo,EG,Africa,2023-03,3,86.33,167.0,40.67,47.4,16.27,174.74
Cairo,EG,Africa,2023-04,4,108.94,200.91,51.97,54.18,20.79,202.9
Cairo,EG,Africa,2023-05,5,107.03,198.05,51.02,53.61,20.41,199.29
Cairo,EG,Africa,2023-06,6,122.37,228.55,58.18,52.51,23.27,211.23
Cairo,EG,Africa,2023-07,7,112.03,213.05,53.02,49.41,21.21,204.54
Cairo,EG,Africa,2023-08,8,118.31,222.47,56.16,51.29,22.46,208.03
Cairo,EG,Africa,2023-09,9,86.68,167.52,40.84,47.5,16.34,180.93
Cairo,EG,Africa,2023-10,10,101.19,189.28,48.09,51.86,19.24,197.81
Cairo,EG,Africa,2023-11,11,86.74,167.61,40.96,47.52,16.35,174.8
Cairo,EG,Africa,2023-12,12,73.43,142.02,34.63,47.8,13.84,160.54
Cairo,EG,Africa,2024-01,1,82.13,155.02,39.09,50.4,15.6,171.65
Cairo,EG,Africa,2024-02,2,81.58,153.9,38.82,50.18,15.49,173.16
Cairo,EG,Africa,2024-03,3,91.72,175.07,43.36,49.01,17.34,183.82
Cairo,EG,Africa,2024-04,4,90.49,173.24,42.75,48.65,17.1,185.44
Cairo,EG,Africa,2024-05,5,95.06,180.09,45.03,50.02,18.01,189.1
Cairo,EG,Africa,2024-06,6,113.53,215.3,53.78,49.86,21.51,204.38
Cairo,EG,Africa,2024-07,7,112.51,213.76,53.25,49.55,21.3,201.94
Cairo,EG,Africa,2024-08,8,108.82,208.23,51.41,48.45,20.56,200.6
Cairo,EG,Africa,2024-09,9,100.42,188.13,47.71,51.63,19.08,196.76
Cairo,EG,Africa,2024-10,10,104.4,194.1,49.7,52.82,19.88,196.37
Cairo,EG,Africa,2024-11,11,85.05,165.07,40.02,47.02,16.01,176.71
Cairo,EG,Africa,2024-12,12,76.86,146.22,36.6,48.64,14.58,164.16
Cairo,EG,Africa,2025-01,1,85.46,160.04,40.75,51.41,16.27,176.35
Cairo,EG,Africa,2025-02,2,77.95,148.8,36.95,49.16,14.74,167.03
Cairo,EG,Africa,2025-03,3,99.38,186.57,47.19,51.31,18.88,192.86
Cairo,EG,Africa,2025-04,4,95.28,180.41,45.14,50.08,18.05,184.44
Cairo,EG,Africa,2025-05,5,97.23,183.34,46.11,50.67,18.44,193.38
Cairo,EG,Africa,2025-06,6,112.11,213.16,53.05,49.43,21.22,201.93
Cairo,EG,Africa,2025-07,7,109.02,208.52,51.51,48.5,20.6,202.67
Cairo,EG,Africa,2025-08,8,114.54,216.81,54.27,50.16,21.71,207.28
Cairo,EG,Africa,2025-09,9,103.11,192.17,49.06,52.43,19.62,197.93
Cairo,EG,Africa,2025-10,10,90.4,173.1,42.7,48.62,17.08,184.79
Cairo,EG,Africa,2025-11,11,100.6,188.4,47.8,51.68,19.12,196.19
Cairo,EG,Africa,2025-12,12,90.7,167.92,43.22,52.98,17.29,182.08
Chicago,US,North America,2023-01,1,41.75,75.43,42.91,50.79,9.62,115.33
Chicago,US,North America,2023-02,2,38.14,70.2,41.17,49.74,8.93,106.31
Chicago,US,North America,2023-03,3,22.8,43.55,28.06,47.63,5.47,71.2
Chicago,US,North America,2023-04,4,33.44,60.11,33.7,51.02,7.68,96.31
Chicago,US,North America,2023-05,5,27.28,50.69,30.56,49.14,6.42,81.88
Chicago,US,North America,2023-06,6,24.74,45.13,26.55,49.61,5.73,74.94
Chicago,US,North America,2023-07,7,20.88,39.09,24.06,48.12,4.92,66.58
Chicago,US,North America,2023-08,8,27.09,48.91,27.64,50.26,6.24,81.63
Chicago,US,North America,2023-09,9,34.88,62.32,34.44,51.46,7.98,98.95
Chicago,US,North America,2023-10,10,24.6,46.47,29.07,48.24,5.86,75.36
Chicago,US,North America,2023-11,11,29.61,54.17,31.54,49.72,6.89,87.82
Chicago,US,North America,2023-12,12,41.9,75.85,43.05,50.87,9.68,115.06
Chicago,US,North America,2024-01,1,34.73,65.09,39.46,48.72,8.25,99.64
Chicago,US,North America,2024-02,2,40.92,74.38,42.56,50.58,9.48,113.3
Chicago,US,North America,2024-03,3,24.75,46.89,29.05,48.23,5.92,76.5
Chicago,US,North America,2024-04,4,29.51,54.07,31.69,49.81,6.88,87.44
Chicago,US,North America,2024-05,5,28.73,53.05,31.35,49.61,6.74,85.72
Chicago,US,North America,2024-06,6,29.24,52.36,29.07,51.12,6.7,87.29
Chicago,US,North America,2024-07,7,22.43,41.73,25.36,48.9,5.28,70.58
Chicago,US,North America,2024-08,8,26.37,47.86,27.57,50.22,6.1,79.97
Chicago,US,North America,2024-09,9,34.08,60.38,33.76,51.06,7.72,96.97
Chicago,US,North America,2024-10,10,31.29,56.94,32.65,50.39,7.26,92.01
Chicago,US,North America,2024-11,11,33.0,59.5,33.5,50.9,7.6,95.3
Chicago,US,North America,2024-12,12,43.08,77.62,43.64,51.22,9.92,119.0
Chicago,US,North America,2025-01,1,40.29,73.43,42.24,50.39,9.36,112.15
Chicago,US,North America,2025-02,2,35.34,65.64,39.62,48.81,8.32,100.62
Chicago,US,North America,2025-03,3,29.85,54.78,31.93,49.96,6.97,88.87
Chicago,US,North America,2025-04,4,26.6,49.64,30.07,48.84,6.29,80.28
Chicago,US,North America,2025-05,5,32.51,58.76,33.25,50.75,7.5,94.48
Chicago,US,North America,2025-06,6,27.72,50.08,28.31,50.67,6.39,84.07
Chicago,US,North America,2025-07,7,25.27,46.21,27.0,49.88,5.88,77.51
Chicago,US,North America,2025-08,8,25.06,45.51,26.34,49.48,5.78,77.06
Chicago,US,North America,2025-09,9,30.25,55.25,32.08,50.05,7.03,88.77
Chicago,US,North America,2025-10,10,26.78,50.08,30.36,49.02,6.34,81.6
Chicago,US,North America,2025-11,11,27.14,50.45,30.46,49.07,6.39,81.94
Chicago,US,North America,2025-12,12,36.34,67.51,40.27,49.2,8.57,103.76
Delhi,IN,Asia,2023-01,1,147.95,267.42,73.97,46.48,20.49,226.31
Delhi,IN,Asia,2023-02,2,144.76,262.64,72.38,45.53,19.85,220.72
Delhi,IN,Asia,2023-03,3,96.52,179.55,48.34,40.91,12.56,184.29
Delhi,IN,Asia,2023-04,4,113.69,205.53,56.84,46.11,15.74,201.83
Delhi,IN,Asia,2023-05,5,118.27,212.4,59.13,47.48,16.65,209.51
Delhi,IN,Asia,2023-06,6,100.65,180.73,50.33,47.15,14.18,191.58
Delhi,IN,Asia,2023-07,7,81.13,151.45,40.6,41.29,10.46,169.85
Delhi,IN,Asia,2023-08,8,92.03,167.79,46.1,44.56,12.83,174.72
Delhi,IN,Asia,2023-09,9,101.09,186.63,50.54,42.33,13.52,187.27
Delhi,IN,Asia,2023-10,10,109.61,199.42,54.81,44.88,14.92,201.36
Delhi,IN,Asia,2023-11,11,104.13,191.19,52.06,43.24,13.83,197.26
Delhi,IN,Asia,2023-12,12,148.18,267.77,74.09,46.55,20.54,224.95
Delhi,IN,Asia,2024-01,1,149.26,269.39,74.63,46.88,20.76,225.77
Delhi,IN,Asia,2024-02,2,141.47,257.71,70.74,44.54,19.29,220.53
Delhi,IN,Asia,2024-03,3,111.86,202.8,55.93,45.56,15.37,202.58
Delhi,IN,Asia,2024-04,4,106.95,195.43,53.48,44.08,14.65,194.09
Delhi,IN,Asia,2024-05,5,110.58,200.35,55.37,45.07,15.35,199.85
Delhi,IN,Asia,2024-06,6,109.84,194.52,54.92,49.9,16.13,200.25
Delhi,IN,Asia,2024-07,7,87.75,161.38,43.99,43.28,12.07,172.56
Delhi,IN,Asia,2024-08,8,82.7,153.81,41.42,41.76,11.0,167.31
Delhi,IN,Asia,2024-09,9,113.63,205.44,56.81,46.09,15.73,202.21
Delhi,IN,Asia,2024-10,10,126.44,224.66,63.22,49.93,18.29,209.3
Delhi,IN,Asia,2024-11,11,96.01,179.02,48.01,40.8,12.3,191.34
Delhi,IN,Asia,2024-12,12,152.61,274.42,76.31,47.93,21.61,224.96
Delhi,IN,Asia,2025-01,1,142.99,259.98,71.49,45.0,19.5,224.32
Delhi,IN,Asia,2025-02,2,150.49,271.23,75.24,47.25,21.0,224.97
Delhi,IN,Asia,2025-03,3,102.81,189.21,51.4,42.84,13.83,185.74
Delhi,IN,Asia,2025-04,4,123.42,220.13,61.71,49.03,17.68,207.7
Delhi,IN,Asia,2025-05,5,106.02,194.03,53.01,43.81,14.22,192.23
Delhi,IN,Asia,2025-06,6,97.38,175.82,48.69,46.16,13.6,184.73
Delhi,IN,Asia,2025-07,7,97.41,175.87,48.71,46.17,13.8,184.97
Delhi,IN,Asia,2025-08,8,91.18,165.64,45.67,44.03,12.64,179.41
Delhi,IN,Asia,2025-09,9,109.81,199.53,55.0,44.91,15.56,193.49
Delhi,IN,Asia,2025-10,10,106.91,195.36,53.45,44.07,14.51,196.55
Delhi,IN,Asia,2025-11,11,108.76,198.07,54.46,44.61,14.99,195.2
Delhi,IN,Asia,2025-12,12,148.69,268.53,74.39,46.89,20.92,220.04
Dubai,AE,Asia,2023-01,1,63.36,176.3,51.83,61.46,16.57,149.27
Dubai,AE,Asia,2023-02,2,58.82,169.47,49.56,60.09,15.66,143.74
Dubai,AE,Asia,2023-03,3,49.36,136.54,40.18,61.31,12.87,125.96
Dubai,AE,Asia,2023-04,4,43.54,125.59,36.76,58.97,11.58,115.4
Dubai,AE,Asia,2023-05,5,44.41,128.27,37.42,59.65,11.78,116.59
Dubai,AE,Asia,2023-06,6,34.22,101.32,29.29,58.16,9.11,94.88
Dubai,AE,Asia,2023-07,7,33.42,102.62,29.67,58.42,9.15,94.51
Dubai,AE,Asia,2023-08,8,37.45,106.21,30.9,59.14,9.7,102.71
Dubai,AE,Asia,2023-09,9,41.68,125.02,36.34,59.0,11.33,113.24
Dubai,AE,Asia,2023-10,10,45.56,129.52,37.84,59.9,12.0,117.44
Dubai,AE,Asia,2023-11,11,43.59,127.06,37.02,59.41,11.62,114.44
Dubai,AE,Asia,2023-12,12,59.5,170.5,49.9,60.3,15.8,141.71
Dubai,AE,Asia,2024-01,1,65.45,179.43,52.88,62.09,16.99,153.47
Dubai,AE,Asia,2024-02,2,65.23,179.1,52.77,62.02,16.95,153.11
Dubai,AE,Asia,2024-03,3,46.04,131.55,38.52,60.31,12.21,122.09
Dubai,AE,Asia,2024-04,4,53.17,141.26,41.75,62.25,13.5,130.02
Dubai,AE,Asia,2024-05,5,43.36,126.36,36.79,59.27,11.58,114.01
Dubai,AE,Asia,2024-06,6,35.81,105.27,30.56,58.95,9.55,99.35
Dubai,AE,Asia,2024-07,7,40.19,112.42,32.94,60.38,10.5,106.07
Dubai,AE,Asia,2024-08,8,39.56,112.26,32.89,60.35,10.43,108.46
Dubai,AE,Asia,2024-09,9,44.35,129.02,37.67,59.8,11.87,116.07
Dubai,AE,Asia,2024-10,10,44.3,127.46,37.17,59.49,11.74,113.48
Dubai,AE,Asia,2024-11,11,44.93,128.65,37.55,59.73,11.88,118.47
Dubai,AE,Asia,2024-12,12,55.39,164.33,47.84,59.07,14.98,134.63
Dubai,AE,Asia,2025-01,1,56.57,165.93,48.38,59.39,15.19,139.06
Dubai,AE,Asia,2025-02,2,57.85,167.84,49.01,59.77,15.45,140.03
Dubai,AE,Asia,2025-03,3,47.89,134.3,39.43,60.86,12.57,123.57
Dubai,AE,Asia,2025-04,4,47.12,131.41,38.47,60.28,12.19,122.32
Dubai,AE,Asia,2025-05,5,41.38,124.57,36.19,58.91,11.28,112.11
Dubai,AE,Asia,2025-06,6,43.84,117.76,34.73,61.45,11.23,115.8
Dubai,AE,Asia,2025-07,7,38.11,106.99,31.34,59.25,9.93,101.21
Dubai,AE,Asia,2025-08,8,40.13,112.36,32.92,60.37,10.49,104.71
Dubai,AE,Asia,2025-09,9,48.89,135.55,39.85,61.11,12.74,124.56
Dubai,AE,Asia,2025-10,10,45.15,127.51,37.23,59.5,11.79,117.28
Dubai,AE,Asia,2025-11,11,50.28,137.33,40.44,61.46,12.98,125.37
Dubai,AE,Asia,2025-12,12,62.89,174.88,51.36,61.18,16.38,149.38
Fortaleza,BR,South America,2023-01,1,26.39,47.26,26.37,55.52,4.87,78.39
Fortaleza,BR,South America,2023-02,2,21.74,41.11,24.47,54.38,3.84,69.57
Fortaleza,BR,South America,2023-03,3,27.13,50.69,29.56,54.74,4.83,82.48
Fortaleza,BR,South America,2023-04,4,29.78,54.63,30.88,55.53,5.39,87.9
Fortaleza,BR,South America,2023-05,5,31.2,56.49,31.46,55.87,5.71,90.15
Fortaleza,BR,South America,2023-06,6,37.22,67.84,37.81,56.09,6.73,105.02
Fortaleza,BR,South America,2023-07,7,38.9,70.3,38.63,56.58,7.08,107.83
Fortaleza,BR,South America,2023-08,8,32.19,59.97,35.17,54.5,5.74,94.02
Fortaleza,BR,South America,2023-09,9,28.6,52.91,30.3,55.18,5.13,85.81
Fortaleza,BR,South America,2023-10,10,31.38,56.79,31.56,55.94,5.71,91.8
Fortaleza,BR,South America,2023-11,11,32.74,58.86,32.24,56.34,5.97,94.79
Fortaleza,BR,South America,2023-12,12,22.76,42.06,24.75,54.55,4.11,70.7
Fortaleza,BR,South America,2024-01,1,23.48,43.45,25.25,54.85,4.25,73.04
Fortaleza,BR,South America,2024-02,2,25.33,46.28,26.09,55.36,4.58,78.14
Fortaleza,BR,South America,2024-03,3,26.38,49.57,29.19,54.51,4.7,80.22
Fortaleza,BR,South America,2024-04,4,24.65,46.93,28.31,53.99,4.35,76.66
Fortaleza,BR,South America,2024-05,5,30.34,55.51,31.17,55.7,5.47,89.57
Fortaleza,BR,South America,2024-06,6,34.56,63.84,36.48,55.29,6.19,99.37
Fortaleza,BR,South America,2024-07,7,31.26,58.6,34.74,54.24,5.58,91.38
Fortaleza,BR,South America,2024-08,8,38.01,69.01,38.2,56.32,6.88,106.24
Fortaleza,BR,South America,2024-09,9,30.39,55.33,31.08,55.65,5.51,88.9
Fortaleza,BR,South America,2024-10,10,26.8,49.95,29.18,54.51,4.78,81.23
Fortaleza,BR,South America,2024-11,11,25.44,47.91,28.52,54.11,4.53,77.65
Fortaleza,BR,South America,2024-12,12,22.36,41.93,24.74,54.55,4.01,70.49
Fortaleza,BR,South America,2025-01,1,26.77,48.27,26.73,55.74,4.88,80.55
Fortaleza,BR,South America,2025-02,2,25.71,46.68,26.27,55.46,4.67,78.28
Fortaleza,BR,South America,2025-03,3,26.48,49.35,29.0,54.4,4.74,79.78
Fortaleza,BR,South America,2025-04,4,27.31,50.64,29.53,54.72,4.9,81.87
Fortaleza,BR,South America,2025-05,5,24.91,47.12,28.2,53.92,4.42,76.73
Fortaleza,BR,South America,2025-06,6,34.48,63.72,36.44,55.26,6.18,99.74
Fortaleza,BR,South America,2025-07,7,35.52,65.28,36.96,55.57,6.39,100.97
Fortaleza,BR,South America,2025-08,8,39.14,70.7,38.77,56.66,7.11,109.73
Fortaleza,BR,South America,2025-09,9,26.71,49.86,29.29,54.57,4.8,80.23
Fortaleza,BR,South America,2025-10,10,31.71,57.32,31.77,56.06,5.78,91.88
Fortaleza,BR,South America,2025-11,11,26.91,50.37,29.46,54.67,4.82,81.52
Fortaleza,BR,South America,2025-12,12,22.08,41.61,24.64,54.48,3.92,71.14
Hanoi,VN,Asia,2023-01,1,85.33,144.24,52.41,45.25,18.37,179.26
Hanoi,VN,Asia,2023-02,2,80.06,136.34,49.78,43.67,17.31,169.68
Hanoi,VN,Asia,2023-03,3,70.95,118.92,42.97,46.78,15.19,159.38
Hanoi,VN,Asia,2023-04,4,64.38,109.06,39.69,44.81,13.88,150.79
Hanoi,VN,Asia,2023-05,5,60.03,102.54,37.52,43.51,13.01,141.73
Hanoi,VN,Asia,2023-06,6,48.99,84.11,30.87,43.12,10.65,122.8
Hanoi,VN,Asia,2023-07,7,50.98,86.34,31.54,43.35,10.96,127.45
Hanoi,VN,Asia,2023-08,8,57.19,96.25,34.91,45.55,12.27,138.72
Hanoi,VN,Asia,2023-09,9,66.61,112.42,40.81,45.48,14.32,151.84
Hanoi,VN,Asia,2023-10,10,58.44,100.15,36.72,43.03,12.69,140.06
Hanoi,VN,Asia,2023-11,11,63.07,106.82,38.94,44.36,13.58,146.9
Hanoi,VN,Asia,2023-12,12,86.21,144.95,52.64,45.39,18.48,175.85
Hanoi,VN,Asia,2024-01,1,79.01,134.76,49.25,43.35,17.1,173.43
Hanoi,VN,Asia,2024-02,2,76.23,130.59,47.86,42.52,16.54,165.77
Hanoi,VN,Asia,2024-03,3,62.27,105.91,38.64,44.18,13.45,145.25
Hanoi,VN,Asia,2024-04,4,59.92,102.38,37.46,43.48,12.98,146.1
Hanoi,VN,Asia,2024-05,5,61.48,104.39,38.1,43.86,13.26,145.43
Hanoi,VN,Asia,2024-06,6,56.87,95.76,34.75,45.45,12.2,138.37
Hanoi,VN,Asia,2024-07,7,46.52,80.14,29.51,42.27,10.13,117.92
Hanoi,VN,Asia,2024-08,8,52.49,88.83,32.37,43.78,11.29,126.89
Hanoi,VN,Asia,2024-09,9,70.51,117.94,42.64,46.59,15.07,159.18
Hanoi,VN,Asia,2024-10,10,63.82,107.9,39.25,44.44,13.73,148.74
Hanoi,VN,Asia,2024-11,11,70.22,117.83,42.61,46.57,15.04,160.93
Hanoi,VN,Asia,2024-12,12,76.94,131.66,48.22,42.73,16.69,166.43
Hanoi,VN,Asia,2025-01,1,82.87,140.55,51.18,44.51,17.87,174.73
Hanoi,VN,Asia,2025-02,2,81.34,138.26,50.42,44.05,17.57,175.67
Hanoi,VN,Asia,2025-03,3,62.55,106.33,38.78,44.27,13.51,148.65
Hanoi,VN,Asia,2025-04,4,62.75,106.3,38.71,44.08,13.52,141.99
Hanoi,VN,Asia,2025-05,5,59.98,102.45,37.48,43.49,12.99,142.14
Hanoi,VN,Asia,2025-06,6,48.35,82.88,30.42,42.27,10.49,122.55
Hanoi,VN,Asia,2025-07,7,55.98,94.16,34.18,45.04,12.0,135.01
Hanoi,VN,Asia,2025-08,8,55.53,93.72,34.07,45.04,11.93,136.22
Hanoi,VN,Asia,2025-09,9,56.48,97.22,35.74,42.44,12.3,138.32
Hanoi,VN,Asia,2025-10,10,65.7,110.96,40.32,45.19,14.13,150.4
Hanoi,VN,Asia,2025-11,11,73.25,122.38,44.13,47.48,15.65,163.48
Hanoi,VN,Asia,2025-12,12,88.93,149.65,54.22,46.33,19.09,184.83
Hong Kong,HK,Asia,2023-01,1,46.07,85.35,52.28,44.17,10.51,124.29
Hong Kong,HK,Asia,2023-02,2,45.77,84.91,52.14,44.08,10.45,124.49
Hong Kong,HK,Asia,2023-03,3,36.03,66.54,40.51,44.31,8.21,101.99
Hong Kong,HK,Asia,2023-04,4,37.28,68.42,41.14,44.68,8.46,105.62
Hong Kong,HK,Asia,2023-05,5,38.31,69.96,41.65,44.99,8.66,106.89
Hong Kong,HK,Asia,2023-06,6,27.71,51.92,32.84,43.3,6.36,83.01
Hong Kong,HK,Asia,2023-07,7,29.7,54.54,33.54,43.73,6.72,86.15
Hong Kong,HK,Asia,2023-08,8,32.94,59.91,35.55,44.93,7.42,95.26
Hong Kong,HK,Asia,2023-09,9,37.52,68.45,41.15,44.69,8.47,105.23
Hong Kong,HK,Asia,2023-10,10,29.98,57.35,37.45,42.47,6.98,88.52
Hong Kong,HK,Asia,2023-11,11,34.09,63.49,39.5,43.7,7.8,96.85
Hong Kong,HK,Asia,2023-12,12,47.1,86.91,52.8,44.48,10.72,125.96
Hong Kong,HK,Asia,2024-01,1,41.06,77.83,49.78,42.67,9.51,113.6
Hong Kong,HK,Asia,2024-02,2,45.31,84.21,51.9,43.94,10.36,123.09
Hong Kong,HK,Asia,2024-03,3,34.66,64.48,39.83,43.9,7.93,98.76
Hong Kong,HK,Asia,2024-04,4,36.02,65.87,39.89,43.93,8.14,101.35
Hong Kong,HK,Asia,2024-05,5,36.35,66.7,40.53,44.32,8.24,101.79
Hong Kong,HK,Asia,2024-06,6,30.1,55.78,34.18,44.11,6.87,88.71
Hong Kong,HK,Asia,2024-07,7,28.83,53.36,33.26,43.55,6.56,84.76
Hong Kong,HK,Asia,2024-08,8,27.18,51.4,32.72,43.23,6.29,82.42
Hong Kong,HK,Asia,2024-09,9,32.16,59.61,37.92,42.75,7.31,92.56
Hong Kong,HK,Asia,2024-10,10,41.99,75.49,43.5,46.1,9.4,115.22
Hong Kong,HK,Asia,2024-11,11,33.84,63.2,39.4,43.64,7.76,97.21
Hong Kong,HK,Asia,2024-12,12,53.19,96.03,55.84,46.31,11.94,140.53
Hong Kong,HK,Asia,2025-01,1,45.18,84.01,51.84,43.9,10.34,121.64
Hong Kong,HK,Asia,2025-02,2,43.57,81.11,50.87,43.32,9.97,117.48
Hong Kong,HK,Asia,2025-03,3,39.69,71.71,41.99,45.2,8.9,109.54
Hong Kong,HK,Asia,2025-04,4,33.56,61.97,38.91,43.34,7.62,93.71
Hong Kong,HK,Asia,2025-05,5,30.45,57.78,37.59,42.55,7.04,88.71
Hong Kong,HK,Asia,2025-06,6,33.31,60.5,35.75,45.05,7.5,95.77
Hong Kong,HK,Asia,2025-07,7,29.44,54.64,33.8,43.88,6.72,86.97
Hong Kong,HK,Asia,2025-08,8,29.43,54.51,33.72,43.83,6.71,86.52
Hong Kong,HK,Asia,2025-09,9,34.89,64.83,39.94,43.97,7.98,99.82
Hong Kong,HK,Asia,2025-10,10,38.74,70.61,41.87,45.12,8.75,108.2
Hong Kong,HK,Asia,2025-11,11,33.94,63.08,39.02,43.41,7.75,97.13
Hong Kong,HK,Asia,2025-12,12,52.33,94.75,55.42,46.05,11.77,135.97
Jakarta,ID,Asia,2023-01,1,79.91,145.87,58.16,48.57,14.68,173.24
Jakarta,ID,Asia,2023-02,2,82.0,149.0,59.2,49.2,15.1,176.5
Jakarta,ID,Asia,2023-03,3,57.08,104.49,41.94,46.76,10.48,137.53
Jakarta,ID,Asia,2023-04,4,57.36,105.45,42.3,46.96,10.5,141.7
Jakarta,ID,Asia,2023-05,5,61.1,111.65,44.55,48.33,11.22,145.91
Jakarta,ID,Asia,2023-06,6,47.08,86.75,35.0,46.35,8.62,119.97
Jakarta,ID,Asia,2023-07,7,46.99,87.48,35.39,46.8,8.55,122.54
Jakarta,ID,Asia,2023-08,8,47.27,86.97,35.13,46.63,8.66,123.37
Jakarta,ID,Asia,2023-09,9,56.23,104.34,42.11,46.87,10.24,139.16
Jakarta,ID,Asia,2023-10,10,59.24,108.85,43.62,47.77,10.85,142.3
Jakarta,ID,Asia,2023-11,11,56.42,104.63,42.21,46.93,10.29,137.3
Jakarta,ID,Asia,2023-12,12,75.15,138.73,55.78,47.15,13.73,165.44
Jakarta,ID,Asia,2024-01,1,74.21,137.31,55.31,46.86,13.54,166.1
Jakarta,ID,Asia,2024-02,2,80.9,147.35,58.65,48.87,14.88,174.74
Jakarta,ID,Asia,2024-03,3,64.09,116.13,46.04,49.23,11.82,150.89
Jakarta,ID,Asia,2024-04,4,55.82,103.73,41.91,46.75,10.2,136.86
Jakarta,ID,Asia,2024-05,5,52.51,98.6,40.2,45.72,9.53,129.79
Jakarta,ID,Asia,2024-06,6,47.34,88.01,35.57,46.9,8.62,123.7
Jakarta,ID,Asia,2024-07,7,46.05,85.61,34.62,46.33,8.39,121.29
Jakarta,ID,Asia,2024-08,8,45.87,84.56,34.34,46.16,8.43,116.26
Jakarta,ID,Asia,2024-09,9,54.6,101.9,41.3,46.38,9.92,137.22
Jakarta,ID,Asia,2024-10,10,55.09,102.64,41.55,46.53,10.02,136.28
Jakarta,ID,Asia,2024-11,11,52.41,98.59,40.2,45.72,9.52,130.43
Jakarta,ID,Asia,2024-12,12,74.35,137.53,55.38,46.91,13.57,163.08
Jakarta,ID,Asia,2025-01,1,78.93,144.4,57.67,48.28,14.49,172.02
Jakarta,ID,Asia,2025-02,2,80.52,146.78,58.46,48.76,14.8,173.19
Jakarta,ID,Asia,2025-03,3,62.45,113.67,45.22,48.73,11.49,148.88
Jakarta,ID,Asia,2025-04,4,63.47,115.21,45.74,49.04,11.69,148.39
Jakarta,ID,Asia,2025-05,5,65.97,118.96,46.99,49.79,12.19,154.59
Jakarta,ID,Asia,2025-06,6,55.66,99.39,39.11,48.91,10.38,133.95
Jakarta,ID,Asia,2025-07,7,44.12,83.18,33.96,45.94,7.97,119.27
Jakarta,ID,Asia,2025-08,8,47.48,88.21,35.64,46.94,8.64,122.73
Jakarta,ID,Asia,2025-09,9,59.78,109.24,43.75,47.85,10.99,143.59
Jakarta,ID,Asia,2025-10,10,55.44,103.16,41.72,46.63,10.09,136.62
Jakarta,ID,Asia,2025-11,11,55.8,103.31,41.77,46.66,10.23,134.54
Jakarta,ID,Asia,2025-12,12,78.99,144.49,57.69,48.3,14.5,170.67
Johannesburg,ZA,Africa,2023-01,1,28.09,57.35,29.57,44.4,10.47,82.54
Johannesburg,ZA,Africa,2023-02,2,25.05,52.67,27.74,43.3,9.74,75.48
Johannesburg,ZA,Africa,2023-03,3,29.85,64.08,33.69,43.82,11.88,86.11
Johannesburg,ZA,Africa,2023-04,4,33.13,69.06,35.2,44.72,12.48,93.45
Johannesburg,ZA,Africa,2023-05,5,27.45,59.05,31.55,42.44,11.04,81.54
Johannesburg,ZA,Africa,2023-06,6,34.64,75.31,39.9,43.46,14.04,98.11
Johannesburg,ZA,Africa,2023-07,7,34.08,73.02,38.87,42.84,13.63,94.87
Johannesburg,ZA,Africa,2023-08,8,33.01,73.37,39.26,43.07,13.78,93.98
Johannesburg,ZA,Africa,2023-09,9,24.54,54.57,30.4,41.84,10.56,73.32
Johannesburg,ZA,Africa,2023-10,10,32.36,65.61,34.01,44.01,12.01,90.0
Johannesburg,ZA,Africa,2023-11,11,36.86,74.29,37.1,45.86,13.24,101.54
Johannesburg,ZA,Africa,2023-12,12,29.01,59.23,30.23,44.8,10.73,84.84
Johannesburg,ZA,Africa,2024-01,1,24.5,52.2,27.67,43.26,9.71,74.36
Johannesburg,ZA,Africa,2024-02,2,26.18,54.12,28.35,43.67,9.98,77.56
Johannesburg,ZA,Africa,2024-03,3,34.36,70.97,35.83,45.1,12.73,98.53
Johannesburg,ZA,Africa,2024-04,4,23.88,52.74,29.76,41.45,10.3,72.19
Johannesburg,ZA,Africa,2024-05,5,33.65,69.41,35.4,44.84,12.56,94.54
Johannesburg,ZA,Africa,2024-06,6,37.08,78.82,41.08,44.16,14.51,101.87
Johannesburg,ZA,Africa,2024-07,7,32.79,72.49,38.84,42.82,13.62,92.51
Johannesburg,ZA,Africa,2024-08,8,33.55,74.32,39.57,43.26,13.91,96.44
Johannesburg,ZA,Africa,2024-09,9,29.99,63.96,33.63,43.78,11.85,86.68
Johannesburg,ZA,Africa,2024-10,10,37.31,74.97,37.31,45.98,13.32,105.01
Johannesburg,ZA,Africa,2024-11,11,31.54,65.21,33.63,43.71,11.87,89.61
Johannesburg,ZA,Africa,2024-12,12,30.72,61.68,30.53,44.98,10.85,89.82
Johannesburg,ZA,Africa,2025-01,1,23.26,50.24,26.91,42.79,9.42,71.25
Johannesburg,ZA,Africa,2025-02,2,27.33,56.76,29.1,44.12,10.29,81.07
Johannesburg,ZA,Africa,2025-03,3,28.52,61.39,32.8,43.28,11.52,83.51
Johannesburg,ZA,Africa,2025-04,4,32.33,67.66,34.89,44.53,12.35,89.72
Johannesburg,ZA,Africa,2025-05,5,34.17,71.11,36.04,45.22,12.82,96.04
Johannesburg,ZA,Africa,2025-06,6,39.0,82.5,42.3,44.9,15.0,108.84
Johannesburg,ZA,Africa,2025-07,7,36.3,77.03,40.35,43.73,14.22,102.04
Johannesburg,ZA,Africa,2025-08,8,38.35,80.77,41.72,44.55,14.77,105.23
Johannesburg,ZA,Africa,2025-09,9,26.97,59.25,31.81,42.69,11.13,80.44
Johannesburg,ZA,Africa,2025-10,10,30.79,65.26,34.09,44.05,12.03,88.56
Johannesburg,ZA,Africa,2025-11,11,34.41,71.62,36.21,45.32,12.88,98.75
Johannesburg,ZA,Africa,2025-12,12,23.98,51.1,27.52,43.17,9.65,72.02
Kolkata,IN,Asia,2023-01,1,115.26,228.13,60.88,40.53,15.25,206.43
Kolkata,IN,Asia,2023-02,2,117.16,230.99,61.83,41.1,15.77,202.75
Kolkata,IN,Asia,2023-03,3,99.17,191.25,52.08,44.25,13.98,191.01
Kolkata,IN,Asia,2023-04,4,94.17,183.75,49.58,42.75,13.03,182.79
Kolkata,IN,Asia,2023-05,5,98.18,189.78,51.59,43.96,13.65,193.91
Kolkata,IN,Asia,2023-06,6,78.03,153.0,41.15,42.15,10.68,169.3
Kolkata,IN,Asia,2023-07,7,75.47,149.33,39.86,41.42,10.07,162.99
Kolkata,IN,Asia,2023-08,8,80.39,156.71,42.32,42.89,10.98,169.28
Kolkata,IN,Asia,2023-09,9,96.71,187.56,50.85,43.51,13.42,187.91
Kolkata,IN,Asia,2023-10,10,98.98,190.96,51.99,44.19,13.91,191.76
Kolkata,IN,Asia,2023-11,11,102.6,196.4,53.8,45.28,14.55,197.6
Kolkata,IN,Asia,2023-12,12,114.44,226.91,60.47,40.28,15.14,199.34
Kolkata,IN,Asia,2024-01,1,122.55,239.08,64.52,42.72,16.71,214.04
Kolkata,IN,Asia,2024-02,2,121.61,237.66,64.05,42.43,16.71,204.05
Kolkata,IN,Asia,2024-03,3,98.18,189.77,51.59,43.95,13.64,192.69
Kolkata,IN,Asia,2024-04,4,96.58,187.04,50.79,43.41,13.68,186.11
Kolkata,IN,Asia,2024-05,5,103.0,197.0,54.0,45.4,14.6,194.72
Kolkata,IN,Asia,2024-06,6,89.99,171.11,47.12,45.77,12.9,184.11
Kolkata,IN,Asia,2024-07,7,86.09,165.26,45.17,44.6,12.37,176.59
Kolkata,IN,Asia,2024-08,8,72.36,144.67,38.31,40.48,9.5,159.12
Kolkata,IN,Asia,2024-09,9,95.06,185.08,50.03,43.02,13.02,187.59
Kolkata,IN,Asia,2024-10,10,101.26,194.39,53.13,44.88,14.25,194.88
Kolkata,IN,Asia,2024-11,11,99.51,191.76,52.25,44.35,13.94,190.19
Kolkata,IN,Asia,2024-12,12,126.57,245.11,66.54,43.92,17.57,209.36
Kolkata,IN,Asia,2025-01,1,124.72,242.34,65.61,43.37,17.15,206.27
Kolkata,IN,Asia,2025-02,2,122.89,239.58,64.69,42.82,16.78,208.36
Kolkata,IN,Asia,2025-03,3,98.64,190.46,51.82,44.09,13.88,188.61
Kolkata,IN,Asia,2025-04,4,77.7,159.05,41.35,37.81,9.63,169.43
Kolkata,IN,Asia,2025-05,5,106.26,201.9,55.63,46.38,15.25,199.46
Kolkata,IN,Asia,2025-06,6,74.01,146.45,39.15,40.84,10.17,156.81
Kolkata,IN,Asia,2025-07,7,83.77,161.77,44.01,43.9,11.81,174.91
Kolkata,IN,Asia,2025-08,8,76.37,150.69,40.31,41.69,10.22,166.44
Kolkata,IN,Asia,2025-09,9,92.71,181.56,48.85,42.31,12.54,186.22
Kolkata,IN,Asia,2025-10,10,90.33,178.0,47.67,41.6,12.38,176.16
Kolkata,IN,Asia,2025-11,11,104.76,199.64,54.88,45.93,14.99,191.66
Kolkata,IN,Asia,2025-12,12,117.29,231.18,61.89,41.14,15.79,200.19
Lagos,NG,Africa,2023-01,1,52.54,97.93,32.64,47.19,8.17,129.78
Lagos,NG,Africa,2023-02,2,50.64,94.74,31.58,46.55,7.92,127.15
Lagos,NG,Africa,2023-03,3,70.33,128.0,42.67,49.6,11.07,161.96
Lagos,NG,Africa,2023-04,4,68.71,125.56,41.86,49.11,10.75,158.38
Lagos,NG,Africa,2023-05,5,69.41,126.62,42.21,49.32,10.89,159.75
Lagos,NG,Africa,2023-06,6,86.27,156.41,52.14,50.48,13.65,179.84
Lagos,NG,Africa,2023-07,7,86.6,156.9,52.3,50.58,13.72,180.67
Lagos,NG,Africa,2023-08,8,81.8,149.7,49.9,49.14,12.76,174.77
Lagos,NG,Africa,2023-09,9,67.27,123.4,41.13,48.68,10.45,157.06
Lagos,NG,Africa,2023-10,10,63.87,118.25,39.42,47.65,9.87,151.11
Lagos,NG,Africa,2023-11,11,65.45,120.33,40.11,48.07,10.28,150.77
Lagos,NG,Africa,2023-12,12,54.2,99.88,33.35,47.53,8.45,133.1
Lagos,NG,Africa,2024-01,1,65.23,116.97,38.99,50.99,10.49,153.07
Lagos,NG,Africa,2024-02,2,52.81,98.34,32.78,47.27,8.03,133.16
Lagos,NG,Africa,2024-03,3,59.93,112.39,37.46,46.48,9.05,142.66
Lagos,NG,Africa,2024-04,4,68.1,124.47,41.49,48.89,10.82,153.66
Lagos,NG,Africa,2024-05,5,64.83,119.75,39.92,47.95,9.98,147.6
Lagos,NG,Africa,2024-06,6,73.07,136.61,45.54,46.52,11.04,165.25
Lagos,NG,Africa,2024-07,7,86.34,156.51,52.17,50.5,13.67,180.65
Lagos,NG,Africa,2024-08,8,84.67,154.01,51.34,50.0,13.33,178.43
Lagos,NG,Africa,2024-09,9,63.86,117.8,39.26,47.56,9.87,150.5
Lagos,NG,Africa,2024-10,10,65.03,120.04,40.01,48.01,10.06,149.43
Lagos,NG,Africa,2024-11,11,72.06,129.93,43.36,49.95,11.54,159.94
Lagos,NG,Africa,2024-12,12,51.32,96.1,32.03,46.82,7.75,130.71
Lagos,NG,Africa,2025-01,1,53.9,99.98,33.33,47.59,8.29,135.31
Lagos,NG,Africa,2025-02,2,55.25,101.99,34.0,48.0,8.57,138.07
Lagos,NG,Africa,2025-03,3,66.56,122.34,40.78,48.47,10.31,155.11
Lagos,NG,Africa,2025-04,4,64.21,118.14,39.44,47.59,9.94,149.3
Lagos,NG,Africa,2025-05,5,72.45,131.17,43.72,50.24,11.49,161.7
Lagos,NG,Africa,2025-06,6,77.71,143.57,47.86,47.91,11.94,169.36
Lagos,NG,Africa,2025-07,7,71.78,134.67,44.89,46.13,10.76,162.95
Lagos,NG,Africa,2025-08,8,75.91,140.87,46.96,47.37,11.59,167.89
Lagos,NG,Africa,2025-09,9,64.48,118.86,39.62,47.77,9.99,150.78
Lagos,NG,Africa,2025-10,10,65.11,119.88,39.96,47.98,10.12,152.88
Lagos,NG,Africa,2025-11,11,61.07,114.11,38.04,46.82,9.24,145.52
Lagos,NG,Africa,2025-12,12,55.77,102.3,34.1,48.06,8.78,138.39
Lahore,PK,Asia,2023-01,1,148.04,261.07,61.02,37.61,21.81,221.61
Lahore,PK,Asia,2023-02,2,154.86,271.28,64.43,39.66,23.17,229.56
Lahore,PK,Asia,2023-03,3,126.21,219.32,53.14,41.86,19.3,206.96
Lahore,PK,Asia,2023-04,4,105.41,187.2,43.19,35.77,15.34,193.1
Lahore,PK,Asia,2023-05,5,117.18,205.61,48.99,39.3,17.63,201.08
Lahore,PK,Asia,2023-06,6,104.91,182.87,43.96,40.87,15.88,190.57
Lahore,PK,Asia,2023-07,7,105.02,183.03,44.01,40.91,15.92,193.31
Lahore,PK,Asia,2023-08,8,104.59,182.27,44.54,40.75,16.18,181.93
Lahore,PK,Asia,2023-09,9,146.25,249.38,63.13,47.88,23.27,219.42
Lahore,PK,Asia,2023-10,10,113.74,200.61,47.08,38.15,16.87,199.66
Lahore,PK,Asia,2023-11,11,110.39,195.59,45.2,37.12,16.08,195.27
Lahore,PK,Asia,2023-12,12,158.41,276.61,66.2,40.72,23.88,232.47
Lahore,PK,Asia,2024-01,1,158.58,276.87,66.29,40.89,23.92,230.51
Lahore,PK,Asia,2024-02,2,158.13,276.2,66.07,40.65,23.83,233.82
Lahore,PK,Asia,2024-03,3,132.87,229.3,56.5,43.86,20.63,214.8
Lahore,PK,Asia,2024-04,4,128.6,222.9,54.3,42.58,19.72,213.59
Lahore,PK,Asia,2024-05,5,117.35,206.03,49.01,39.31,17.64,204.97
Lahore,PK,Asia,2024-06,6,98.7,173.54,41.51,39.01,15.0,181.35
Lahore,PK,Asia,2024-07,7,109.52,189.19,46.62,42.23,16.97,197.15
Lahore,PK,Asia,2024-08,8,107.2,186.3,45.12,41.56,16.37,192.4
Lahore,PK,Asia,2024-09,9,127.95,221.01,54.39,42.54,19.79,210.37
Lahore,PK,Asia,2024-10,10,111.8,197.54,46.3,37.69,16.55,190.12
Lahore,PK,Asia,2024-11,11,119.12,208.68,50.18,39.86,18.17,193.08
Lahore,PK,Asia,2024-12,12,150.61,264.91,62.3,38.38,22.32,224.28
Lahore,PK,Asia,2025-01,1,152.38,267.57,63.19,38.91,22.68,224.55
Lahore,PK,Asia,2025-02,2,154.36,270.54,64.18,39.51,23.07,225.49
Lahore,PK,Asia,2025-03,3,107.49,191.24,43.91,36.25,15.63,191.83
Lahore,PK,Asia,2025-04,4,110.58,195.76,46.12,37.47,16.52,189.83
Lahore,PK,Asia,2025-05,5,110.49,195.73,45.31,37.15,16.19,192.76
Lahore,PK,Asia,2025-06,6,107.62,186.93,45.31,41.69,16.42,198.73
Lahore,PK,Asia,2025-07,7,83.9,151.35,33.76,34.57,11.83,169.07
Lahore,PK,Asia,2025-08,8,96.24,169.48,40.17,38.24,14.41,183.66
Lahore,PK,Asia,2025-09,9,119.25,208.63,50.1,39.92,18.11,199.32
Lahore,PK,Asia,2025-10,10,137.28,235.93,58.64,45.18,21.46,215.71
Lahore,PK,Asia,2025-11,11,119.73,209.59,49.86,39.92,17.95,204.06
Lahore,PK,Asia,2025-12,12,160.78,280.17,67.39,41.43,24.36,231.76
London,GB,Europe,2023-01,1,33.12,58.77,47.76,46.35,7.4,96.09
London,GB,Europe,2023-02,2,32.18,57.37,47.29,46.07,7.22,94.0
London,GB,Europe,2023-03,3,21.63,39.25,34.73,44.84,4.9,69.5
London,GB,Europe,2023-04,4,21.24,38.86,34.62,44.77,4.85,69.0
London,GB,Europe,2023-05,5,21.34,38.93,34.64,44.79,4.86,68.89
London,GB,Europe,2023-06,6,17.61,32.25,29.16,44.64,4.02,59.78
London,GB,Europe,2023-07,7,20.2,35.98,30.25,45.3,4.51,65.81
London,GB,Europe,2023-08,8,19.92,35.72,30.29,45.33,4.48,65.38
London,GB,Europe,2023-09,9,21.1,38.64,34.55,44.73,4.82,67.74
London,GB,Europe,2023-10,10,20.8,38.02,34.3,44.58,4.74,67.18
London,GB,Europe,2023-11,11,19.6,36.19,33.57,44.15,4.49,64.66
London,GB,Europe,2023-12,12,26.71,49.01,44.5,44.4,6.1,81.36
London,GB,Europe,2024-01,1,34.66,61.09,48.53,46.82,7.71,99.44
London,GB,Europe,2024-02,2,30.26,54.41,46.3,45.48,6.82,89.15
London,GB,Europe,2024-03,3,20.58,37.87,34.29,44.57,4.72,67.08
London,GB,Europe,2024-04,4,23.08,41.51,35.5,45.3,5.2,72.61
London,GB,Europe,2024-05,5,21.38,38.52,34.03,44.42,4.8,68.04
London,GB,Europe,2024-06,6,20.37,36.28,30.35,45.36,4.55,66.66
London,GB,Europe,2024-07,7,20.06,35.82,30.26,45.31,4.49,65.4
London,GB,Europe,2024-08,8,19.42,34.82,29.98,45.14,4.36,63.62
London,GB,Europe,2024-09,9,22.12,39.94,34.94,44.97,4.99,70.52
London,GB,Europe,2024-10,10,19.5,35.82,33.53,44.12,4.44,63.97
London,GB,Europe,2024-11,11,23.44,42.07,35.69,45.41,5.27,73.85
London,GB,Europe,2024-12,12,26.77,49.11,44.54,44.42,6.11,80.85
London,GB,Europe,2025-01,1,27.5,50.21,44.9,44.64,6.26,83.12
London,GB,Europe,2025-02,2,28.71,52.17,45.56,45.03,6.52,86.03
London,GB,Europe,2025-03,3,22.35,40.32,35.03,45.02,5.04,70.72
London,GB,Europe,2025-04,4,22.38,40.47,35.16,45.09,5.06,71.7
London,GB,Europe,2025-05,5,19.57,35.64,33.15,43.89,4.42,63.6
London,GB,Europe,2025-06,6,19.57,35.3,30.18,45.26,4.42,64.77
London,GB,Europe,2025-07,7,23.81,41.67,32.31,46.53,5.27,75.12
London,GB,Europe,2025-08,8,17.2,31.37,28.69,44.36,3.9,57.35
London,GB,Europe,2025-09,9,21.65,39.05,34.42,44.65,4.87,68.72
London,GB,Europe,2025-10,10,23.33,41.99,35.67,45.4,5.27,74.29
London,GB,Europe,2025-11,11,19.39,35.65,33.52,44.11,4.42,63.74
London,GB,Europe,2025-12,12,28.15,51.33,45.28,44.86,6.41,84.78
Los Angeles,US,North America,2023-01,1,44.88,83.57,41.29,64.81,6.44,120.93
Los Angeles,US,North America,2023-02,2,39.51,75.28,38.53,63.16,5.55,109.54
Los Angeles,US,North America,2023-03,3,38.46,70.19,33.73,66.04,5.75,107.11
Los Angeles,US,North America,2023-04,4,34.89,64.56,31.85,64.91,5.04,100.07
Los Angeles,US,North America,2023-05,5,30.29,57.8,29.6,63.56,4.23,88.68
Los Angeles,US,North America,2023-06,6,29.99,54.96,27.09,64.93,4.49,87.43
Los Angeles,US,North America,2023-07,7,28.56,53.2,26.52,64.59,4.12,85.41
Los Angeles,US,North America,2023-08,8,34.71,62.3,29.53,66.4,5.4,98.35
Los Angeles,US,North America,2023-09,9,28.91,54.85,28.46,62.88,4.08,85.02
Los Angeles,US,North America,2023-10,10,37.27,68.24,33.08,65.65,5.58,104.84
Los Angeles,US,North America,2023-11,11,34.26,63.9,31.63,64.78,4.93,98.84
Los Angeles,US,North America,2023-12,12,50.34,91.75,44.02,66.45,7.49,133.69
Los Angeles,US,North America,2024-01,1,43.28,81.18,40.49,64.34,6.08,116.18
Los Angeles,US,North America,2024-02,2,47.79,87.93,42.74,65.69,6.96,128.0
Los Angeles,US,North America,2024-03,3,34.18,63.45,31.2,64.48,4.98,97.74
Los Angeles,US,North America,2024-04,4,37.39,68.58,33.19,65.72,5.55,105.76
Los Angeles,US,North America,2024-05,5,34.64,64.32,31.77,64.86,4.99,99.3
Los Angeles,US,North America,2024-06,6,32.43,59.27,28.54,65.8,4.82,93.84
Los Angeles,US,North America,2024-07,7,26.98,50.73,25.62,64.05,3.9,81.53
Los Angeles,US,North America,2024-08,8,29.86,55.22,27.19,64.99,4.36,88.48
Los Angeles,US,North America,2024-09,9,37.99,69.09,33.36,65.82,5.73,105.83
Los Angeles,US,North America,2024-10,10,35.41,65.54,32.18,65.11,5.18,100.85
Los Angeles,US,North America,2024-11,11,34.69,64.54,31.85,64.91,4.99,100.08
Los Angeles,US,North America,2024-12,12,46.75,86.37,42.22,65.37,6.83,125.35
Los Angeles,US,North America,2025-01,1,38.48,73.96,38.09,62.89,5.15,107.97
Los Angeles,US,North America,2025-02,2,48.81,89.46,43.25,65.99,7.16,128.06
Los Angeles,US,North America,2025-03,3,37.85,69.11,33.37,65.82,5.7,105.57
Los Angeles,US,North America,2025-04,4,36.29,66.93,32.65,65.39,5.26,103.3
Los Angeles,US,North America,2025-05,5,36.23,66.55,32.52,65.31,5.44,100.37
Los Angeles,US,North America,2025-06,6,29.46,54.55,26.85,64.79,4.28,87.53
Los Angeles,US,North America,2025-07,7,30.59,56.51,27.62,65.25,4.46,90.38
Los Angeles,US,North America,2025-08,8,27.35,51.23,25.85,64.19,3.98,81.98
Los Angeles,US,North America,2025-09,9,35.4,65.61,32.2,65.12,5.15,100.75
Los Angeles,US,North America,2025-10,10,37.9,69.26,33.42,65.85,5.64,106.47
Los Angeles,US,North America,2025-11,11,34.18,63.28,31.32,64.59,5.05,97.98
Los Angeles,US,North America,2025-12,12,45.42,84.37,41.56,64.97,6.5,121.76
Madrid,ES,Europe,2023-01,1,35.94,65.38,46.49,53.38,6.18,101.38
Madrid,ES,Europe,2023-02,2,30.3,57.15,43.75,51.73,5.02,89.64
Madrid,ES,Europe,2023-03,3,23.56,43.71,33.31,51.58,3.99,72.94
Madrid,ES,Europe,2023-04,4,21.72,41.32,32.67,51.2,3.64,69.07
Madrid,ES,Europe,2023-05,5,21.69,40.96,32.6,51.16,3.65,68.59
Madrid,ES,Europe,2023-06,6,22.26,40.85,29.68,52.47,3.82,70.87
Madrid,ES,Europe,2023-07,7,23.16,42.1,30.17,52.76,4.0,73.11
Madrid,ES,Europe,2023-08,8,23.09,42.29,30.25,52.81,3.94,73.61
Madrid,ES,Europe,2023-09,9,28.73,52.02,36.34,53.4,4.99,85.82
Madrid,ES,Europe,2023-10,10,25.43,46.87,34.56,52.34,4.34,77.9
Madrid,ES,Europe,2023-11,11,23.75,44.57,33.86,51.91,3.98,74.99
Madrid,ES,Europe,2023-12,12,29.66,55.96,43.35,51.49,5.0,87.04
Madrid,ES,Europe,2024-01,1,35.09,64.34,46.15,53.17,5.98,100.82
Madrid,ES,Europe,2024-02,2,33.11,61.37,45.16,52.57,5.58,95.41
Madrid,ES,Europe,2024-03,3,24.18,45.14,34.05,52.03,4.1,74.72
Madrid,ES,Europe,2024-04,4,21.73,41.04,32.52,51.11,3.69,68.57
Madrid,ES,Europe,2024-05,5,26.91,49.16,35.3,52.78,4.63,81.13
Madrid,ES,Europe,2024-06,6,27.84,49.41,32.62,54.23,4.89,84.36
Madrid,ES,Europe,2024-07,7,18.62,35.06,27.51,51.16,3.15,61.13
Madrid,ES,Europe,2024-08,8,21.38,39.69,29.38,52.29,3.66,68.16
Madrid,ES,Europe,2024-09,9,21.92,41.66,32.77,51.26,3.64,69.86
Madrid,ES,Europe,2024-10,10,26.05,47.44,34.67,52.4,4.49,78.7
Madrid,ES,Europe,2024-11,11,25.12,46.69,34.56,52.34,4.23,78.02
Madrid,ES,Europe,2024-12,12,28.29,54.14,42.75,51.13,4.66,84.85
Madrid,ES,Europe,2025-01,1,29.51,55.96,43.35,51.49,4.86,87.97
Madrid,ES,Europe,2025-02,2,30.19,56.99,43.7,51.7,5.0,89.39
Madrid,ES,Europe,2025-03,3,22.27,41.76,32.81,51.29,3.82,69.3
Madrid,ES,Europe,2025-04,4,24.83,45.94,34.11,52.07,4.23,76.49
Madrid,ES,Europe,2025-05,5,25.95,47.69,34.87,52.52,4.44,79.35
Madrid,ES,Europe,2025-06,6,21.35,39.38,29.2,52.18,3.64,68.59
Madrid,ES,Europe,2025-07,7,21.53,39.15,28.66,51.86,3.76,67.66
Madrid,ES,Europe,2025-08,8,23.38,42.47,30.0,52.66,4.06,72.83
Madrid,ES,Europe,2025-09,9,25.86,47.72,34.91,52.54,4.45,78.53
Madrid,ES,Europe,2025-10,10,23.2,43.46,33.24,51.54,3.91,72.85
Madrid,ES,Europe,2025-11,11,20.91,39.88,32.27,50.96,3.49,66.97
Madrid,ES,Europe,2025-12,12,34.71,63.76,45.95,53.05,5.93,99.28
Melbourne,AU,Oceania,2023-01,1,10.1,20.54,16.59,44.76,1.79,39.36
Melbourne,AU,Oceania,2023-02,2,11.34,22.68,17.42,45.25,2.0,43.42
Melbourne,AU,Oceania,2023-03,3,11.42,23.41,19.37,44.62,1.98,43.68
Melbourne,AU,Oceania,2023-04,4,12.71,25.63,20.2,45.12,2.23,46.91
Melbourne,AU,Oceania,2023-05,5,11.36,23.55,19.44,44.66,1.95,44.17
Melbourne,AU,Oceania,2023-06,6,15.73,31.78,24.59,45.36,2.72,55.87
Melbourne,AU,Oceania,2023-07,7,15.13,30.98,24.32,45.2,2.58,54.59
Melbourne,AU,Oceania,2023-08,8,13.4,28.29,23.43,44.66,2.25,49.57
Melbourne,AU,Oceania,2023-09,9,12.7,25.49,20.0,45.0,2.22,47.24
Melbourne,AU,Oceania,2023-10,10,11.39,23.77,19.49,44.69,1.94,44.02
Melbourne,AU,Oceania,2023-11,11,12.94,26.27,20.42,45.25,2.22,49.4
Melbourne,AU,Oceania,2023-12,12,10.85,21.64,17.0,45.0,1.92,41.41
Melbourne,AU,Oceania,2024-01,1,11.97,23.69,17.78,45.46,2.08,46.45
Melbourne,AU,Oceania,2024-02,2,10.91,21.87,16.96,44.98,1.92,42.11
Melbourne,AU,Oceania,2024-03,3,11.81,24.22,19.71,44.83,2.03,45.03
Melbourne,AU,Oceania,2024-04,4,11.6,23.95,19.37,44.62,1.97,44.81
Melbourne,AU,Oceania,2024-05,5,13.53,27.1,20.7,45.42,2.37,49.7
Melbourne,AU,Oceania,2024-06,6,12.93,27.46,23.15,44.49,2.22,47.17
Melbourne,AU,Oceania,2024-07,7,14.78,30.57,24.19,45.12,2.49,54.4
Melbourne,AU,Oceania,2024-08,8,14.97,30.42,24.13,45.08,2.56,53.56
Melbourne,AU,Oceania,2024-09,9,11.16,23.05,19.22,44.53,1.93,41.83
Melbourne,AU,Oceania,2024-10,10,12.88,26.08,20.35,45.21,2.24,47.46
Melbourne,AU,Oceania,2024-11,11,12.11,24.78,19.89,44.93,2.09,45.47
Melbourne,AU,Oceania,2024-12,12,11.84,23.22,17.55,45.33,2.09,44.92
Melbourne,AU,Oceania,2025-01,1,10.0,20.28,16.6,44.76,1.76,39.39
Melbourne,AU,Oceania,2025-02,2,8.91,18.41,15.97,44.38,1.57,35.19
Melbourne,AU,Oceania,2025-03,3,12.2,24.98,19.9,44.94,2.09,46.44
Melbourne,AU,Oceania,2025-04,4,11.52,23.76,19.33,44.6,1.97,44.2
Melbourne,AU,Oceania,2025-05,5,11.86,24.19,19.47,44.68,2.04,45.71
Melbourne,AU,Oceania,2025-06,6,16.61,33.32,25.11,45.66,2.86,58.48
Melbourne,AU,Oceania,2025-07,7,16.38,32.96,24.99,45.59,2.81,57.96
Melbourne,AU,Oceania,2025-08,8,14.11,29.2,23.71,44.83,2.4,51.3
Melbourne,AU,Oceania,2025-09,9,12.74,25.81,20.23,45.14,2.19,47.18
Melbourne,AU,Oceania,2025-10,10,12.6,25.79,20.26,45.16,2.17,47.91
Melbourne,AU,Oceania,2025-11,11,13.69,27.33,20.65,45.39,2.38,50.87
Melbourne,AU,Oceania,2025-12,12,10.46,21.18,16.92,44.95,1.83,41.42
Mexico City,MX,North America,2023-01,1,73.73,133.35,55.72,55.67,18.65,166.17
Mexico City,MX,North America,2023-02,2,72.85,132.03,55.28,55.4,18.47,162.83
Mexico City,MX,North America,2023-03,3,53.31,96.98,40.77,54.23,13.57,133.35
Mexico City,MX,North America,2023-04,4,59.9,107.06,44.35,56.41,14.94,143.94
Mexico City,MX,North America,2023-05,5,55.47,100.7,42.23,55.14,14.09,140.35
Mexico City,MX,North America,2023-06,6,51.71,92.44,38.18,56.49,12.89,128.07
Mexico City,MX,North America,2023-07,7,50.18,90.14,37.42,56.03,12.59,126.8
Mexico City,MX,North America,2023-08,8,46.83,84.86,35.65,54.97,11.88,122.47
Mexico City,MX,North America,2023-09,9,50.32,92.98,39.66,53.6,13.06,130.01
Mexico City,MX,North America,2023-10,10,52.68,96.52,40.84,54.3,13.54,133.54
Mexico City,MX,North America,2023-11,11,55.14,100.21,42.07,55.04,14.03,138.26
Mexico City,MX,North America,2023-12,12,72.92,132.12,55.31,55.42,18.48,165.34
Mexico City,MX,North America,2024-01,1,67.39,123.84,52.55,53.77,17.38,155.36
Mexico City,MX,North America,2024-02,2,69.28,126.68,53.49,54.34,17.76,160.06
Mexico City,MX,North America,2024-03,3,52.98,96.49,40.83,54.3,13.53,132.23
Mexico City,MX,North America,2024-04,4,58.47,105.21,43.74,56.04,14.69,145.32
Mexico City,MX,North America,2024-05,5,51.25,94.37,40.12,53.87,13.25,132.19
Mexico City,MX,North America,2024-06,6,42.99,79.05,33.72,53.81,11.11,114.3
Mexico City,MX,North America,2024-07,7,47.31,85.85,35.98,55.17,12.01,124.03
Mexico City,MX,North America,2024-08,8,51.11,91.54,37.88,56.31,12.77,129.14
Mexico City,MX,North America,2024-09,9,64.95,114.92,46.97,57.98,15.99,154.36
Mexico City,MX,North America,2024-10,10,50.43,93.14,39.71,53.63,13.09,129.77
Mexico City,MX,North America,2024-11,11,55.37,100.55,42.18,55.11,14.07,141.32
Mexico City,MX,North America,2024-12,12,80.51,143.52,59.11,57.7,20.0,174.65
Mexico City,MX,North America,2025-01,1,69.13,126.45,53.42,54.29,17.73,159.33
Mexico City,MX,North America,2025-02,2,74.41,134.37,56.06,55.87,18.78,168.78
Mexico City,MX,North America,2025-03,3,54.16,98.28,41.43,54.66,13.77,132.97
Mexico City,MX,North America,2025-04,4,53.55,97.81,41.27,54.56,13.71,134.08
Mexico City,MX,North America,2025-05,5,55.99,101.48,42.49,55.3,14.2,138.19
Mexico City,MX,North America,2025-06,6,44.24,81.24,34.45,54.25,11.4,117.93
Mexico City,MX,North America,2025-07,7,58.65,102.84,41.65,58.57,14.28,146.46
Mexico City,MX,North America,2025-08,8,49.36,88.68,36.93,55.74,12.39,123.86
Mexico City,MX,North America,2025-09,9,59.8,107.2,44.4,56.44,14.96,145.64
Mexico City,MX,North America,2025-10,10,54.67,99.5,41.84,54.9,13.93,136.51
Mexico City,MX,North America,2025-11,11,53.98,98.47,41.49,54.69,13.8,135.89
Mexico City,MX,North America,2025-12,12,68.44,125.41,53.07,54.08,17.59,157.24
Moscow,RU,Europe,2023-01,1,37.13,75.84,45.21,39.49,7.43,104.32
Moscow,RU,Europe,2023-02,2,44.85,87.42,49.08,41.8,8.97,119.31
Moscow,RU,Europe,2023-03,3,39.69,75.04,40.35,43.41,7.94,109.43
Moscow,RU,Europe,2023-04,4,34.61,67.08,37.69,41.82,6.92,98.03
Moscow,RU,Europe,2023-05,5,34.15,66.08,37.23,41.54,6.83,97.64
Moscow,RU,Europe,2023-06,6,27.31,53.6,30.82,41.11,5.46,81.93
Moscow,RU,Europe,2023-07,7,32.82,62.03,33.69,42.83,6.56,94.12
Moscow,RU,Europe,2023-08,8,29.37,56.95,32.02,41.83,5.87,87.23
Moscow,RU,Europe,2023-09,9,35.34,67.7,37.66,41.8,7.07,99.03
Moscow,RU,Europe,2023-10,10,37.24,71.2,39.07,42.64,7.45,103.88
Moscow,RU,Europe,2023-11,11,38.13,72.26,39.42,42.85,7.62,104.58
Moscow,RU,Europe,2023-12,12,49.41,94.02,51.27,43.12,9.88,128.28
Moscow,RU,Europe,2024-01,1,49.67,94.66,51.49,43.25,9.93,130.58
Moscow,RU,Europe,2024-02,2,41.82,82.28,47.27,40.72,8.36,114.08
Moscow,RU,Europe,2024-03,3,34.27,66.35,37.45,41.67,6.85,98.33
Moscow,RU,Europe,2024-04,4,38.85,73.77,39.92,43.15,7.77,108.61
Moscow,RU,Europe,2024-05,5,31.12,61.74,35.91,40.75,6.22,90.7
Moscow,RU,Europe,2024-06,6,35.32,65.81,34.6,43.38,7.06,100.04
Moscow,RU,Europe,2024-07,7,34.13,63.91,34.23,43.16,6.83,96.36
Moscow,RU,Europe,2024-08,8,35.09,65.25,34.57,43.36,7.02,100.05
Moscow,RU,Europe,2024-09,9,35.7,68.52,38.17,42.11,7.14,99.57
Moscow,RU,Europe,2024-10,10,42.18,78.35,41.38,44.03,8.44,115.15
Moscow,RU,Europe,2024-11,11,35.9,68.8,38.18,42.11,7.18,100.9
Moscow,RU,Europe,2024-12,12,47.24,90.76,50.19,42.47,9.45,125.57
Moscow,RU,Europe,2025-01,1,40.74,81.26,47.02,40.57,8.15,113.42
Moscow,RU,Europe,2025-02,2,46.13,89.34,49.71,42.19,9.22,122.04
Moscow,RU,Europe,2025-03,3,36.12,69.67,38.56,42.33,7.22,102.62
Moscow,RU,Europe,2025-04,4,41.26,77.21,41.07,43.84,8.25,112.74
Moscow,RU,Europe,2025-05,5,37.78,71.74,39.17,42.7,7.56,104.53
Moscow,RU,Europe,2025-06,6,31.01,59.67,32.92,42.37,6.2,89.95
Moscow,RU,Europe,2025-07,7,32.01,60.99,33.36,42.64,6.4,92.98
Moscow,RU,Europe,2025-08,8,27.12,53.35,30.82,41.11,5.42,81.73
Moscow,RU,Europe,2025-09,9,39.29,74.44,40.15,43.29,7.86,108.9
Moscow,RU,Europe,2025-10,10,33.5,65.62,37.21,41.52,6.7,95.59
Moscow,RU,Europe,2025-11,11,33.44,65.66,37.22,41.53,6.69,95.2
Moscow,RU,Europe,2025-12,12,42.43,83.79,47.86,41.08,8.48,116.45
Mumbai,IN,Asia,2023-01,1,92.21,174.07,59.76,40.41,14.54,184.45
Mumbai,IN,Asia,2023-02,2,97.45,181.92,62.37,41.98,15.59,191.44
Mumbai,IN,Asia,2023-03,3,70.14,132.71,45.57,40.54,11.03,159.75
Mumbai,IN,Asia,2023-04,4,80.91,148.86,50.95,43.77,13.23,168.98
Mumbai,IN,Asia,2023-05,5,76.6,142.4,48.8,42.48,12.33,165.16
Mumbai,IN,Asia,2023-06,6,63.08,117.58,40.33,41.72,10.15,149.17
Mumbai,IN,Asia,2023-07,7,62.0,115.78,39.73,41.36,10.08,141.64
Mumbai,IN,Asia,2023-08,8,61.32,114.94,39.45,41.19,9.88,145.7
Mumbai,IN,Asia,2023-09,9,72.75,136.63,46.88,41.33,11.55,163.33
Mumbai,IN,Asia,2023-10,10,73.76,138.15,47.38,41.63,11.79,164.05
Mumbai,IN,Asia,2023-11,11,68.98,130.97,44.99,40.19,10.8,158.85
Mumbai,IN,Asia,2023-12,12,95.87,179.55,61.58,41.51,15.27,191.9
Mumbai,IN,Asia,2024-01,1,95.44,178.91,61.37,41.38,15.19,189.55
Mumbai,IN,Asia,2024-02,2,104.8,192.95,66.05,44.19,17.06,198.81
Mumbai,IN,Asia,2024-03,3,68.78,129.9,44.63,39.98,10.85,156.4
Mumbai,IN,Asia,2024-04,4,73.86,138.29,47.43,41.66,11.84,165.27
Mumbai,IN,Asia,2024-05,5,72.33,135.92,46.64,41.18,11.56,163.54
Mumbai,IN,Asia,2024-06,6,66.31,122.14,41.87,42.56,10.8,151.0
Mumbai,IN,Asia,2024-07,7,60.96,114.81,39.4,41.16,9.64,147.18
Mumbai,IN,Asia,2024-08,8,72.38,131.95,45.12,44.59,11.93,161.47
Mumbai,IN,Asia,2024-09,9,73.13,137.19,47.06,41.44,11.63,161.36
Mumbai,IN,Asia,2024-10,10,71.39,134.59,46.2,40.92,11.4,158.64
Mumbai,IN,Asia,2024-11,11,78.01,144.51,49.5,42.9,12.68,168.78
Mumbai,IN,Asia,2024-12,12,95.77,179.4,61.53,41.48,15.25,191.84
Mumbai,IN,Asia,2025-01,1,94.54,177.55,60.92,41.11,15.01,188.29
Mumbai,IN,Asia,2025-02,2,98.81,183.97,63.06,42.39,15.86,195.28
Mumbai,IN,Asia,2025-03,3,80.86,148.79,50.93,43.76,13.17,169.69
Mumbai,IN,Asia,2025-04,4,74.44,139.16,47.72,41.83,11.89,164.3
Mumbai,IN,Asia,2025-05,5,74.5,139.25,47.75,41.85,11.97,164.89
Mumbai,IN,Asia,2025-06,6,64.87,120.68,41.36,42.34,10.42,152.23
Mumbai,IN,Asia,2025-07,7,59.85,113.08,38.83,40.82,9.58,141.53
Mumbai,IN,Asia,2025-08,8,64.88,120.64,41.35,42.33,10.65,145.48
Mumbai,IN,Asia,2025-09,9,76.33,142.0,48.67,42.4,12.34,164.38
Mumbai,IN,Asia,2025-10,10,81.28,149.42,51.14,43.88,13.26,174.23
Mumbai,IN,Asia,2025-11,11,77.1,143.16,49.05,42.63,12.42,167.84
Mumbai,IN,Asia,2025-12,12,98.61,183.66,62.95,42.33,15.82,193.12
Nairobi,KE,Africa,2023-01,1,22.8,44.04,24.13,40.2,5.33,70.6
Nairobi,KE,Africa,2023-02,2,18.47,37.01,21.52,38.63,4.4,60.05
Nairobi,KE,Africa,2023-03,3,24.85,49.23,27.7,39.82,5.91,76.75
Nairobi,KE,Africa,2023-04,4,26.7,52.22,28.73,40.44,6.31,81.13
Nairobi,KE,Africa,2023-05,5,26.07,50.86,28.22,40.13,6.14,78.76
Nairobi,KE,Africa,2023-06,6,34.79,67.18,36.0,41.44,8.16,100.02
Nairobi,KE,Africa,2023-07,7,33.82,65.49,35.43,41.1,7.93,97.84
Nairobi,KE,Africa,2023-08,8,30.02,59.85,33.55,39.97,7.18,88.5
Nairobi,KE,Africa,2023-09,9,24.07,48.09,27.36,39.62,5.75,74.66
Nairobi,KE,Africa,2023-10,10,28.41,54.52,29.36,40.82,6.62,84.05
Nairobi,KE,Africa,2023-11,11,25.17,49.87,27.9,39.94,5.99,77.22
Nairobi,KE,Africa,2023-12,12,24.92,47.88,25.59,41.08,5.82,76.49
Nairobi,KE,Africa,2024-01,1,21.15,41.05,22.86,39.43,4.94,66.07
Nairobi,KE,Africa,2024-02,2,20.23,40.43,23.11,39.59,4.83,64.81
Nairobi,KE,Africa,2024-03,3,22.76,45.99,26.27,38.95,5.49,71.97
Nairobi,KE,Africa,2024-04,4,28.05,54.19,29.4,40.84,6.56,82.35
Nairobi,KE,Africa,2024-05,5,28.33,54.88,29.63,40.98,6.65,84.39
Nairobi,KE,Africa,2024-06,6,28.09,56.72,32.22,39.17,6.78,84.18
Nairobi,KE,Africa,2024-07,7,32.24,63.36,34.72,40.67,7.65,93.68
Nairobi,KE,Africa,2024-08,8,30.71,60.67,33.67,40.04,7.3,90.81
Nairobi,KE,Africa,2024-09,9,25.07,50.11,28.04,40.02,6.01,77.33
Nairobi,KE,Africa,2024-10,10,22.08,44.68,26.16,38.9,5.3,69.09
Nairobi,KE,Africa,2024-11,11,25.2,49.7,27.72,39.84,5.97,76.86
Nairobi,KE,Africa,2024-12,12,20.63,40.81,23.15,39.61,4.89,65.75
Nairobi,KE,Africa,2025-01,1,21.08,41.92,23.51,39.82,5.03,66.99
Nairobi,KE,Africa,2025-02,2,23.29,44.61,24.35,40.33,5.4,71.79
Nairobi,KE,Africa,2025-03,3,25.69,50.94,28.31,40.19,6.13,78.7
Nairobi,KE,Africa,2025-04,4,23.91,47.87,27.29,39.58,5.72,73.85
Nairobi,KE,Africa,2025-05,5,24.96,49.81,27.94,39.96,5.98,75.93
Nairobi,KE,Africa,2025-06,6,34.86,67.22,36.01,41.44,8.16,98.66
Nairobi,KE,Africa,2025-07,7,30.79,61.04,33.94,40.21,7.34,89.96
Nairobi,KE,Africa,2025-08,8,30.74,61.04,33.95,40.21,7.34,90.18
Nairobi,KE,Africa,2025-09,9,24.08,47.49,26.93,39.36,5.69,73.02
Nairobi,KE,Africa,2025-10,10,26.46,51.07,28.26,40.16,6.17,78.69
Nairobi,KE,Africa,2025-11,11,24.28,46.96,26.63,39.18,5.66,73.66
Nairobi,KE,Africa,2025-12,12,21.31,40.99,22.83,39.42,4.94,66.77
New York,US,North America,2023-01,1,36.66,65.38,39.13,48.08,7.85,104.61
New York,US,North America,2023-02,2,38.5,68.14,40.05,48.63,8.22,108.76
New York,US,North America,2023-03,3,27.71,49.57,29.86,47.91,5.94,83.85
New York,US,North America,2023-04,4,31.14,54.71,31.57,48.94,6.63,91.61
New York,US,North America,2023-05,5,28.56,50.84,30.28,48.17,6.11,85.8
New York,US,North America,2023-06,6,26.7,46.71,26.86,48.82,5.67,81.14
New York,US,North America,2023-07,7,24.52,43.44,25.59,48.05,5.23,75.66
New York,US,North America,2023-08,8,26.11,45.82,26.49,48.6,5.55,79.66
New York,US,North America,2023-09,9,29.73,52.56,30.85,48.51,6.34,88.08
New York,US,North America,2023-10,10,25.47,46.2,28.73,47.24,5.49,78.62
New York,US,North America,2023-11,11,27.3,48.95,29.65,47.79,5.86,82.89
New York,US,North America,2023-12,12,39.8,70.1,40.7,49.02,8.48,111.82
New York,US,North America,2024-01,1,37.93,67.3,39.77,48.46,8.11,107.02
New York,US,North America,2024-02,2,37.76,67.03,39.68,48.41,8.07,106.93
New York,US,North America,2024-03,3,26.18,46.73,28.57,47.14,5.6,78.7
New York,US,North America,2024-04,4,31.06,54.52,31.51,48.9,6.6,90.82
New York,US,North America,2024-05,5,29.27,51.9,30.63,48.38,6.25,87.42
New York,US,North America,2024-06,6,25.84,45.56,26.52,48.61,5.51,79.46
New York,US,North America,2024-07,7,25.66,45.03,26.03,48.32,5.45,78.04
New York,US,North America,2024-08,8,25.89,45.64,26.55,48.63,5.52,79.44
New York,US,North America,2024-09,9,29.32,51.8,30.54,48.32,6.25,86.8
New York,US,North America,2024-10,10,30.38,53.39,30.98,48.59,6.46,89.85
New York,US,North America,2024-11,11,28.63,50.79,30.26,48.16,6.11,85.72
New York,US,North America,2024-12,12,36.38,64.97,38.99,47.99,7.8,103.63
New York,US,North America,2025-01,1,31.44,57.57,36.52,46.51,6.81,92.71
New York,US,North America,2025-02,2,33.4,60.5,37.5,47.1,7.2,96.85
New York,US,North America,2025-03,3,27.01,48.38,29.46,47.68,5.79,81.43
New York,US,North America,2025-04,4,28.82,51.05,30.27,48.16,6.15,85.69
New York,US,North America,2025-05,5,23.17,42.33,27.26,46.36,5.0,72.11
New York,US,North America,2025-06,6,24.86,44.09,26.03,48.32,5.31,76.72
New York,US,North America,2025-07,7,23.37,41.3,25.02,47.71,4.97,72.39
New York,US,North America,2025-08,8,24.77,43.95,25.99,48.29,5.29,76.66
New York,US,North America,2025-09,9,26.86,47.95,29.32,47.59,5.73,80.8
New York,US,North America,2025-10,10,23.89,43.69,27.9,46.74,5.17,74.37
New York,US,North America,2025-11,11,26.17,47.07,28.97,47.38,5.62,80.0
New York,US,North America,2025-12,12,34.14,61.61,37.87,47.32,7.35,98.83
Paris,FR,Europe,2023-01,1,26.15,49.63,41.68,42.05,5.23,80.33
Paris,FR,Europe,2023-02,2,23.98,46.36,40.59,41.39,4.8,75.12
Paris,FR,Europe,2023-03,3,18.31,35.11,30.96,41.38,3.66,61.08
Paris,FR,Europe,2023-04,4,20.53,38.79,32.26,42.16,4.11,67.59
Paris,FR,Europe,2023-05,5,17.7,34.55,30.85,41.31,3.54,60.61
Paris,FR,Europe,2023-06,6,17.45,32.9,27.4,42.12,3.49,60.13
Paris,FR,Europe,2023-07,7,18.43,33.87,27.62,42.25,3.69,60.92
Paris,FR,Europe,2023-08,8,14.51,28.31,25.87,41.2,2.9,52.33
Paris,FR,Europe,2023-09,9,19.52,37.0,31.67,41.8,3.9,64.18
Paris,FR,Europe,2023-10,10,20.5,38.75,32.25,42.15,4.1,67.03
Paris,FR,Europe,2023-11,11,20.75,39.12,32.37,42.22,4.15,67.79
Paris,FR,Europe,2023-12,12,29.33,54.4,43.27,43.0,5.87,87.25
Paris,FR,Europe,2024-01,1,25.57,48.76,41.39,41.87,5.11,78.92
Paris,FR,Europe,2024-02,2,26.09,49.42,41.61,42.0,5.22,79.63
Paris,FR,Europe,2024-03,3,17.7,34.2,30.59,41.16,3.54,60.64
Paris,FR,Europe,2024-04,4,21.01,39.33,32.42,42.25,4.2,67.92
Paris,FR,Europe,2024-05,5,21.9,40.14,32.54,42.32,4.38,69.03
Paris,FR,Europe,2024-06,6,19.24,35.6,28.3,42.66,3.85,64.25
Paris,FR,Europe,2024-07,7,16.7,31.6,26.92,41.83,3.34,57.65
Paris,FR,Europe,2024-08,8,22.7,40.44,29.75,43.53,4.54,71.08
Paris,FR,Europe,2024-09,9,22.51,41.7,33.23,42.74,4.5,71.43
Paris,FR,Europe,2024-10,10,17.37,33.96,30.65,41.19,3.47,59.13
Paris,FR,Europe,2024-11,11,19.12,36.5,31.47,41.68,3.82,63.75
Paris,FR,Europe,2024-12,12,26.11,49.56,41.65,42.03,5.22,80.6
Paris,FR,Europe,2025-01,1,25.71,48.96,41.45,41.91,5.14,79.11
Paris,FR,Europe,2025-02,2,27.06,50.99,42.13,42.32,5.41,82.23
Paris,FR,Europe,2025-03,3,19.45,36.87,31.56,41.74,3.89,65.03
Paris,FR,Europe,2025-04,4,19.76,37.27,31.63,41.78,3.95,65.23
Paris,FR,Europe,2025-05,5,20.28,38.32,32.11,42.06,4.06,66.61
Paris,FR,Europe,2025-06,6,18.25,33.89,27.66,42.28,3.65,61.48
Paris,FR,Europe,2025-07,7,17.6,32.93,27.4,42.12,3.52,59.08
Paris,FR,Europe,2025-08,8,15.6,29.98,26.4,41.52,3.12,55.05
Paris,FR,Europe,2025-09,9,21.23,39.71,32.57,42.34,4.25,68.65
Paris,FR,Europe,2025-10,10,18.73,35.8,31.27,41.56,3.75,62.23
Paris,FR,Europe,2025-11,11,19.75,37.54,31.85,41.91,3.95,64.68
Paris,FR,Europe,2025-12,12,24.35,46.92,40.77,41.5,4.87,76.03
Rio de Janeiro,BR,South America,2023-01,1,32.01,58.38,29.93,50.62,5.63,91.98
Rio de Janeiro,BR,South America,2023-02,2,27.3,51.47,27.64,49.24,4.66,82.06
Rio de Janeiro,BR,South America,2023-03,3,34.7,64.55,33.85,49.91,5.95,98.94
Rio de Janeiro,BR,South America,2023-04,4,38.75,70.6,35.87,51.12,6.78,106.71
Rio de Janeiro,BR,South America,2023-05,5,35.9,66.35,34.45,50.27,6.19,101.19
Rio de Janeiro,BR,South America,2023-06,6,43.77,80.66,41.69,50.53,7.55,119.22
Rio de Janeiro,BR,South America,2023-07,7,43.64,80.3,41.57,50.46,7.57,118.16
Rio de Janeiro,BR,South America,2023-08,8,36.84,70.01,38.14,48.4,6.21,103.35
Rio de Janeiro,BR,South America,2023-09,9,32.4,61.1,32.7,49.22,5.51,94.36
Rio de Janeiro,BR,South America,2023-10,10,34.6,63.75,33.44,49.66,5.98,98.83
Rio de Janeiro,BR,South America,2023-11,11,31.43,59.52,32.17,48.9,5.34,91.7
Rio de Janeiro,BR,South America,2023-12,12,32.52,59.17,30.21,50.78,5.69,94.41
Rio de Janeiro,BR,South America,2024-01,1,32.65,59.33,30.09,50.71,5.71,94.89
Rio de Janeiro,BR,South America,2024-02,2,28.18,52.54,27.99,49.45,4.89,83.76
Rio de Janeiro,BR,South America,2024-03,3,39.74,71.78,36.16,51.3,6.98,109.07
Rio de Janeiro,BR,South America,2024-04,4,38.01,69.01,35.08,50.65,6.69,105.5
Rio de Janeiro,BR,South America,2024-05,5,33.89,63.33,33.44,49.67,5.78,97.93
Rio de Janeiro,BR,South America,2024-06,6,41.03,76.53,40.31,49.71,7.08,112.36
Rio de Janeiro,BR,South America,2024-07,7,46.13,84.2,42.87,51.24,8.03,123.08
Rio de Janeiro,BR,South America,2024-08,8,42.04,78.06,40.82,50.01,7.21,113.98
Rio de Janeiro,BR,South America,2024-09,9,38.05,69.25,35.42,50.85,6.64,106.61
Rio de Janeiro,BR,South America,2024-10,10,36.17,66.57,34.52,50.31,6.27,102.09
Rio de Janeiro,BR,South America,2024-11,11,36.8,67.18,34.41,50.24,6.45,103.87
Rio de Janeiro,BR,South America,2024-12,12,27.34,51.64,27.69,49.28,4.67,82.21
Rio de Janeiro,BR,South America,2025-01,1,26.2,49.16,26.77,48.72,4.56,77.98
Rio de Janeiro,BR,South America,2025-02,2,32.65,59.31,30.23,50.8,5.77,93.21
Rio de Janeiro,BR,South America,2025-03,3,37.34,68.19,35.06,50.64,6.5,104.87
Rio de Janeiro,BR,South America,2025-04,4,33.67,62.47,33.05,49.43,5.83,96.58
Rio de Janeiro,BR,South America,2025-05,5,29.63,56.66,31.22,48.33,5.02,87.11
Rio de Janeiro,BR,South America,2025-06,6,47.61,86.42,43.61,51.68,8.32,126.32
Rio de Janeiro,BR,South America,2025-07,7,42.68,79.02,41.14,50.21,7.34,116.52
Rio de Janeiro,BR,South America,2025-08,8,41.18,76.78,40.39,49.76,7.04,114.04
Rio de Janeiro,BR,South America,2025-09,9,35.65,65.87,34.29,50.17,6.16,101.44
Rio de Janeiro,BR,South America,2025-10,10,39.66,71.91,36.3,51.38,6.96,110.6
Rio de Janeiro,BR,South America,2025-11,11,33.19,62.08,33.03,49.42,5.72,94.54
Rio de Janeiro,BR,South America,2025-12,12,31.22,57.45,29.63,50.44,5.48,90.26
Riyadh,SA,Asia,2023-01,1,62.24,190.67,44.06,57.13,12.45,145.17
Riyadh,SA,Asia,2023-02,2,76.21,211.81,51.1,61.36,15.24,166.33
Riyadh,SA,Asia,2023-03,3,51.25,149.89,35.13,57.98,10.25,127.43
Riyadh,SA,Asia,2023-04,4,56.62,156.83,37.83,59.02,11.32,135.61
Riyadh,SA,Asia,2023-05,5,52.78,154.16,36.39,58.83,10.56,133.45
Riyadh,SA,Asia,2023-06,6,39.99,123.39,28.38,57.18,8.0,106.86
Riyadh,SA,Asia,2023-07,7,51.79,139.41,33.94,60.38,10.36,129.9
Riyadh,SA,Asia,2023-08,8,37.65,115.79,26.74,55.63,7.53,101.88
Riyadh,SA,Asia,2023-09,9,51.8,150.66,35.42,58.13,10.36,126.92
Riyadh,SA,Asia,2023-10,10,57.62,159.8,38.27,59.96,11.52,135.64
Riyadh,SA,Asia,2023-11,11,50.12,149.33,34.81,57.87,10.02,126.39
Riyadh,SA,Asia,2023-12,12,75.86,210.75,50.75,61.15,15.17,164.69
Riyadh,SA,Asia,2024-01,1,61.47,189.03,43.51,56.81,12.29,142.67
Riyadh,SA,Asia,2024-02,2,62.78,189.83,43.98,56.97,12.55,147.51
Riyadh,SA,Asia,2024-03,3,45.8,141.89,32.56,56.38,9.16,116.83
Riyadh,SA,Asia,2024-04,4,42.79,137.28,30.76,55.46,8.56,111.34
Riyadh,SA,Asia,2024-05,5,50.54,150.07,35.03,58.02,10.11,126.49
Riyadh,SA,Asia,2024-06,6,33.37,111.8,24.64,54.86,6.67,89.27
Riyadh,SA,Asia,2024-07,7,47.88,133.12,32.09,58.98,9.57,123.25
Riyadh,SA,Asia,2024-08,8,45.78,129.97,30.84,58.49,9.15,115.0
Riyadh,SA,Asia,2024-09,9,37.53,130.59,28.53,54.12,7.51,102.53
Riyadh,SA,Asia,2024-10,10,49.65,148.58,34.58,57.72,9.93,125.9
Riyadh,SA,Asia,2024-11,11,47.7,146.2,33.73,57.24,9.54,121.14
Riyadh,SA,Asia,2024-12,12,71.34,204.52,48.67,59.9,14.27,155.43
Riyadh,SA,Asia,2025-01,1,79.08,215.63,52.37,62.12,15.82,162.37
Riyadh,SA,Asia,2025-02,2,60.63,188.45,43.32,56.69,12.13,144.21
Riyadh,SA,Asia,2025-03,3,51.03,149.22,35.18,57.84,10.21,128.04
Riyadh,SA,Asia,2025-04,4,45.18,140.78,32.29,56.16,9.04,114.79
Riyadh,SA,Asia,2025-05,5,52.08,152.34,35.78,58.47,10.42,125.75
Riyadh,SA,Asia,2025-06,6,35.04,110.73,24.78,54.65,7.01,92.12
Riyadh,SA,Asia,2025-07,7,43.11,124.87,29.17,57.47,8.62,107.0
Riyadh,SA,Asia,2025-08,8,43.14,122.03,29.29,56.91,8.63,110.5
Riyadh,SA,Asia,2025-09,9,55.93,158.9,37.97,59.78,11.19,136.87
Riyadh,SA,Asia,2025-10,10,48.3,145.39,33.5,57.08,9.66,120.64
Riyadh,SA,Asia,2025-11,11,54.07,155.7,36.9,59.14,10.81,132.0
Riyadh,SA,Asia,2025-12,12,66.48,197.22,46.24,58.44,13.3,153.04
Rome,IT,Europe,2023-01,1,33.84,62.38,46.79,50.0,6.52,96.16
Rome,IT,Europe,2023-02,2,30.98,58.07,45.36,49.13,5.94,90.46
Rome,IT,Europe,2023-03,3,24.49,45.53,35.14,49.48,4.71,75.73
Rome,IT,Europe,2023-04,4,24.77,46.02,35.34,49.6,4.77,76.57
Rome,IT,Europe,2023-05,5,26.72,48.66,36.14,50.09,5.16,80.93
Rome,IT,Europe,2023-06,6,24.51,44.18,31.68,50.64,4.74,75.57
Rome,IT,Europe,2023-07,7,23.96,43.46,31.49,50.53,4.64,74.12
Rome,IT,Europe,2023-08,8,25.28,45.46,32.15,50.93,4.9,77.45
Rome,IT,Europe,2023-09,9,27.02,49.31,36.23,50.14,5.21,81.8
Rome,IT,Europe,2023-10,10,25.21,46.75,35.58,49.75,4.85,77.96
Rome,IT,Europe,2023-11,11,28.38,51.36,37.11,50.67,5.48,85.06
Rome,IT,Europe,2023-12,12,37.04,66.97,48.06,50.75,7.16,105.16
Rome,IT,Europe,2024-01,1,35.72,65.28,47.76,50.58,6.88,101.6
Rome,IT,Europe,2024-02,2,40.13,71.9,49.97,51.9,7.77,112.29
Rome,IT,Europe,2024-03,3,27.52,50.07,36.62,50.37,5.31,83.21
Rome,IT,Europe,2024-04,4,23.55,43.89,34.61,49.17,4.52,73.88
Rome,IT,Europe,2024-05,5,27.7,50.21,36.28,50.17,5.35,82.85
Rome,IT,Europe,2024-06,6,21.48,39.59,30.15,49.73,4.14,68.6
Rome,IT,Europe,2024-07,7,20.86,38.59,29.4,49.28,4.02,67.09
Rome,IT,Europe,2024-08,8,21.61,39.62,29.9,49.58,4.17,68.42
Rome,IT,Europe,2024-09,9,25.88,47.68,35.89,49.94,4.98,79.29
Rome,IT,Europe,2024-10,10,28.09,51.13,37.04,50.63,5.43,84.1
Rome,IT,Europe,2024-11,11,27.67,50.5,36.84,50.5,5.33,83.31
Rome,IT,Europe,2024-12,12,35.94,65.62,47.87,50.64,6.93,102.67
Rome,IT,Europe,2025-01,1,36.51,66.47,48.16,50.81,7.04,104.11
Rome,IT,Europe,2025-02,2,35.81,65.42,47.81,50.6,6.9,101.97
Rome,IT,Europe,2025-03,3,28.64,51.75,37.19,50.72,5.53,85.41
Rome,IT,Europe,2025-04,4,24.11,44.96,34.93,49.36,4.63,74.76
Rome,IT,Europe,2025-05,5,26.3,47.92,35.92,49.95,5.08,79.14
Rome,IT,Europe,2025-06,6,21.23,38.85,29.72,49.47,4.1,67.25
Rome,IT,Europe,2025-07,7,20.14,37.7,29.3,49.22,3.87,65.89
Rome,IT,Europe,2025-08,8,23.89,42.98,30.97,50.22,4.63,73.39
Rome,IT,Europe,2025-09,9,27.49,50.23,36.74,50.45,5.31,82.09
Rome,IT,Europe,2025-10,10,24.52,45.79,35.26,49.56,4.71,76.61
Rome,IT,Europe,2025-11,11,21.1,40.12,33.29,48.38,4.04,66.72
Rome,IT,Europe,2025-12,12,30.03,56.75,44.92,48.87,5.75,89.25
Santiago,CL,South America,2023-01,1,20.8,43.82,35.2,40.17,4.41,65.1
Santiago,CL,South America,2023-02,2,29.88,59.05,40.9,43.59,6.27,85.86
Santiago,CL,South America,2023-03,3,29.52,59.9,44.74,41.84,6.23,83.57
Santiago,CL,South America,2023-04,4,27.59,56.62,42.67,40.6,5.83,79.01
Santiago,CL,South America,2023-05,5,30.0,61.73,45.29,42.18,6.36,86.73
Santiago,CL,South America,2023-06,6,28.13,63.79,51.26,40.36,6.11,84.25
Santiago,CL,South America,2023-07,7,32.89,69.54,52.62,41.17,7.01,92.77
Santiago,CL,South America,2023-08,8,27.64,61.98,50.59,39.95,5.96,82.04
Santiago,CL,South America,2023-09,9,26.43,56.94,43.98,41.39,5.65,78.68
Santiago,CL,South America,2023-10,10,29.09,60.22,44.6,41.76,6.16,84.89
Santiago,CL,South America,2023-11,11,29.84,61.71,45.4,42.24,6.32,86.79
Santiago,CL,South America,2023-12,12,28.01,55.95,39.27,42.56,5.89,81.19
Santiago,CL,South America,2024-01,1,31.92,62.23,41.39,43.88,6.69,90.86
Santiago,CL,South America,2024-02,2,28.5,55.35,39.28,42.62,5.94,80.62
Santiago,CL,South America,2024-03,3,29.53,60.79,44.84,41.9,6.27,87.04
Santiago,CL,South America,2024-04,4,29.04,59.89,44.84,41.9,6.13,80.9
Santiago,CL,South America,2024-05,5,24.16,53.37,42.73,40.64,5.2,74.26
Santiago,CL,South America,2024-06,6,32.6,68.23,52.48,41.09,6.93,92.06
Santiago,CL,South America,2024-07,7,35.4,72.92,54.22,42.13,7.5,98.13
Santiago,CL,South America,2024-08,8,35.73,75.06,55.02,42.61,7.61,99.81
Santiago,CL,South America,2024-09,9,26.49,56.62,43.87,41.32,5.66,79.48
Santiago,CL,South America,2024-10,10,32.86,66.24,46.93,43.16,6.94,93.49
Santiago,CL,South America,2024-11,11,33.18,66.26,46.3,42.78,6.99,94.17
Santiago,CL,South America,2024-12,12,24.76,49.19,36.4,40.89,5.19,72.67
Santiago,CL,South America,2025-01,1,28.46,56.52,39.77,42.91,5.99,83.93
Santiago,CL,South America,2025-02,2,24.47,51.0,37.99,41.84,5.19,73.75
Santiago,CL,South America,2025-03,3,22.26,48.93,41.27,39.76,4.75,67.94
Santiago,CL,South America,2025-04,4,31.13,64.05,46.33,42.8,6.6,89.67
Santiago,CL,South America,2025-05,5,31.29,63.67,45.78,42.47,6.61,88.63
Santiago,CL,South America,2025-06,6,34.7,72.03,53.98,41.99,7.37,96.73
Santiago,CL,South America,2025-07,7,32.27,68.86,52.95,41.37,6.89,91.3
Santiago,CL,South America,2025-08,8,35.9,74.35,54.79,42.47,7.63,100.44
Santiago,CL,South America,2025-09,9,31.86,65.05,46.61,42.97,6.75,91.24
Santiago,CL,South America,2025-10,10,22.11,49.11,40.73,39.44,4.75,67.32
Santiago,CL,South America,2025-11,11,27.88,57.81,43.98,41.39,5.91,81.95
Santiago,CL,South America,2025-12,12,30.13,59.22,40.72,43.49,6.32,87.67
Seoul,KR,Asia,2023-01,1,54.42,101.13,46.71,42.73,12.18,136.74
Seoul,KR,Asia,2023-02,2,54.62,101.39,46.8,42.78,12.22,138.82
Seoul,KR,Asia,2023-03,3,43.7,80.49,36.83,43.1,9.73,117.73
Seoul,KR,Asia,2023-04,4,36.81,70.1,33.37,41.02,8.35,101.52
Seoul,KR,Asia,2023-05,5,39.65,74.48,34.83,41.9,8.93,110.25
Seoul,KR,Asia,2023-06,6,39.05,70.98,31.93,43.3,8.63,106.76
Seoul,KR,Asia,2023-07,7,32.09,60.86,28.79,41.42,7.27,92.28
Seoul,KR,Asia,2023-08,8,35.46,65.91,30.47,42.43,7.94,99.82
Seoul,KR,Asia,2023-09,9,36.48,69.72,33.24,40.94,8.3,103.46
Seoul,KR,Asia,2023-10,10,45.81,83.5,37.83,43.7,10.13,122.54
Seoul,KR,Asia,2023-11,11,41.79,77.69,35.9,42.54,9.36,114.68
Seoul,KR,Asia,2023-12,12,49.91,94.36,44.45,41.37,11.28,129.91
Seoul,KR,Asia,2024-01,1,49.32,93.48,44.16,41.2,11.16,127.5
Seoul,KR,Asia,2024-02,2,47.39,90.58,43.19,40.62,10.78,123.73
Seoul,KR,Asia,2024-03,3,43.74,80.6,36.87,43.12,9.75,118.05
Seoul,KR,Asia,2024-04,4,46.15,84.23,38.08,43.85,10.23,122.59
Seoul,KR,Asia,2024-05,5,40.99,76.49,35.5,42.3,9.2,112.4
Seoul,KR,Asia,2024-06,6,34.97,65.03,30.18,42.26,7.82,98.03
Seoul,KR,Asia,2024-07,7,41.09,74.36,33.29,44.12,9.07,112.73
Seoul,KR,Asia,2024-08,8,30.54,58.56,28.02,40.96,6.96,90.1
Seoul,KR,Asia,2024-09,9,41.42,77.14,35.71,42.43,9.28,113.59
Seoul,KR,Asia,2024-10,10,42.18,77.97,35.99,42.59,9.4,115.3
Seoul,KR,Asia,2024-11,11,38.31,71.69,33.9,41.34,8.6,106.96
Seoul,KR,Asia,2024-12,12,49.36,93.49,44.16,41.2,11.17,128.74
Seoul,KR,Asia,2025-01,1,53.82,100.23,46.41,42.55,12.06,136.58
Seoul,KR,Asia,2025-02,2,52.6,98.4,45.8,42.18,11.82,135.74
Seoul,KR,Asia,2025-03,3,38.18,71.86,33.93,41.36,8.6,106.81
Seoul,KR,Asia,2025-04,4,42.4,78.18,35.89,42.54,9.45,112.69
Seoul,KR,Asia,2025-05,5,40.24,75.09,35.03,42.02,9.01,111.08
Seoul,KR,Asia,2025-06,6,35.23,64.91,29.86,42.06,7.84,98.63
Seoul,KR,Asia,2025-07,7,35.71,66.31,30.6,42.51,7.99,101.84
Seoul,KR,Asia,2025-08,8,32.71,61.15,28.49,41.24,7.34,93.33
Seoul,KR,Asia,2025-09,9,39.45,73.89,34.63,41.78,8.86,108.64
Seoul,KR,Asia,2025-10,10,41.45,77.1,35.7,42.42,9.28,112.51
Seoul,KR,Asia,2025-11,11,42.62,78.93,36.31,42.79,9.52,116.55
Seoul,KR,Asia,2025-12,12,48.98,92.98,43.99,41.09,11.1,129.79
Shanghai,CN,Asia,2023-01,1,102.2,185.81,73.2,41.36,25.64,197.72
Shanghai,CN,Asia,2023-02,2,93.74,173.11,68.97,38.82,23.95,186.83
Shanghai,CN,Asia,2023-03,3,65.82,123.17,49.72,36.63,17.09,149.06
Shanghai,CN,Asia,2023-04,4,63.7,120.08,48.7,36.02,16.68,146.48
Shanghai,CN,Asia,2023-05,5,65.47,123.21,49.74,36.64,17.1,148.4
Shanghai,CN,Asia,2023-06,6,62.98,115.72,45.94,39.04,16.0,147.74
Shanghai,CN,Asia,2023-07,7,63.14,115.96,46.02,39.09,16.03,148.78
Shanghai,CN,Asia,2023-08,8,47.41,91.72,37.76,34.01,12.77,121.55
Shanghai,CN,Asia,2023-09,9,64.49,121.73,49.24,36.35,16.9,149.15
Shanghai,CN,Asia,2023-10,10,70.2,130.31,52.1,38.06,18.04,158.05
Shanghai,CN,Asia,2023-11,11,81.53,147.3,57.77,41.46,20.31,174.25
Shanghai,CN,Asia,2023-12,12,84.85,159.77,64.52,36.15,22.17,179.18
Shanghai,CN,Asia,2024-01,1,85.66,160.96,64.92,36.39,22.33,175.93
Shanghai,CN,Asia,2024-02,2,86.44,162.16,65.32,36.63,22.49,182.39
Shanghai,CN,Asia,2024-03,3,72.34,133.51,53.17,38.7,18.47,163.71
Shanghai,CN,Asia,2024-04,4,82.7,149.05,58.35,41.81,20.54,176.32
Shanghai,CN,Asia,2024-05,5,72.98,134.47,53.49,38.89,18.6,163.3
Shanghai,CN,Asia,2024-06,6,69.3,124.78,48.96,40.86,17.2,154.67
Shanghai,CN,Asia,2024-07,7,54.28,102.67,41.59,36.43,14.26,133.26
Shanghai,CN,Asia,2024-08,8,60.14,111.46,44.52,38.19,15.43,143.15
Shanghai,CN,Asia,2024-09,9,67.31,125.97,50.66,37.19,17.46,154.91
Shanghai,CN,Asia,2024-10,10,79.95,144.92,56.97,40.99,19.99,172.67
Shanghai,CN,Asia,2024-11,11,67.3,125.95,50.65,37.19,17.46,155.98
Shanghai,CN,Asia,2024-12,12,87.95,164.43,66.08,37.09,22.79,180.77
Shanghai,CN,Asia,2025-01,1,86.05,160.93,64.91,36.44,22.32,175.57
Shanghai,CN,Asia,2025-02,2,88.35,165.02,66.27,37.2,22.87,182.71
Shanghai,CN,Asia,2025-03,3,63.34,120.02,48.67,36.0,16.67,149.78
Shanghai,CN,Asia,2025-04,4,67.52,126.28,50.76,37.25,17.5,149.41
Shanghai,CN,Asia,2025-05,5,69.75,129.62,51.87,37.92,17.95,156.66
Shanghai,CN,Asia,2025-06,6,56.14,105.46,42.52,36.99,14.63,135.98
Shanghai,CN,Asia,2025-07,7,54.65,102.68,41.59,36.44,14.26,132.78
Shanghai,CN,Asia,2025-08,8,68.53,123.51,48.54,40.6,17.03,153.46
Shanghai,CN,Asia,2025-09,9,77.17,140.75,55.58,40.15,19.43,168.19
Shanghai,CN,Asia,2025-10,10,69.42,129.13,51.71,37.83,17.88,158.66
Shanghai,CN,Asia,2025-11,11,70.3,130.45,52.15,38.09,18.06,158.31
Shanghai,CN,Asia,2025-12,12,97.11,178.16,70.65,39.83,24.62,191.44
Singapore,SG,Asia,2023-01,1,28.49,54.43,38.94,44.97,6.48,85.49
Singapore,SG,Asia,2023-02,2,29.09,55.34,39.25,45.15,6.6,86.7
Singapore,SG,Asia,2023-03,3,24.9,46.36,31.45,45.87,5.58,77.25
Singapore,SG,Asia,2023-04,4,25.04,46.13,31.12,45.67,5.57,77.14
Singapore,SG,Asia,2023-05,5,23.71,44.36,30.76,45.46,5.32,74.06
Singapore,SG,Asia,2023-06,6,17.13,32.71,24.32,44.29,3.87,57.2
Singapore,SG,Asia,2023-07,7,18.72,35.08,24.8,44.58,4.19,61.69
Singapore,SG,Asia,2023-08,8,17.06,32.41,24.01,44.11,3.83,56.86
Singapore,SG,Asia,2023-09,9,21.94,41.28,29.61,44.76,4.93,68.9
Singapore,SG,Asia,2023-10,10,21.17,40.24,29.24,44.55,4.78,67.38
Singapore,SG,Asia,2023-11,11,23.27,43.69,30.52,45.31,5.24,72.83
Singapore,SG,Asia,2023-12,12,29.03,55.24,39.21,45.13,6.59,86.71
Singapore,SG,Asia,2024-01,1,27.09,52.34,38.25,44.55,6.2,82.25
Singapore,SG,Asia,2024-02,2,26.29,50.78,37.72,44.23,6.01,80.12
Singapore,SG,Asia,2024-03,3,21.04,39.87,29.06,44.44,4.73,66.27
Singapore,SG,Asia,2024-04,4,22.88,42.56,29.94,44.96,5.1,71.15
Singapore,SG,Asia,2024-05,5,22.66,42.77,30.15,45.09,5.11,72.61
Singapore,SG,Asia,2024-06,6,17.8,33.48,24.1,44.16,3.98,59.06
Singapore,SG,Asia,2024-07,7,18.49,34.83,25.04,44.72,4.15,61.26
Singapore,SG,Asia,2024-08,8,20.31,37.73,26.01,45.31,4.53,65.62
Singapore,SG,Asia,2024-09,9,25.74,47.18,31.7,46.02,5.71,78.44
Singapore,SG,Asia,2024-10,10,23.61,43.81,30.41,45.24,5.26,73.16
Singapore,SG,Asia,2024-11,11,22.17,41.82,29.79,44.87,4.99,70.3
Singapore,SG,Asia,2024-12,12,29.75,56.33,39.58,45.35,6.73,88.74
Singapore,SG,Asia,2025-01,1,27.83,53.45,38.62,44.77,6.35,84.47
Singapore,SG,Asia,2025-02,2,28.24,53.94,38.78,44.87,6.41,84.27
Singapore,SG,Asia,2025-03,3,20.24,38.57,28.68,44.21,4.57,65.47
Singapore,SG,Asia,2025-04,4,21.27,40.9,29.63,44.78,4.85,68.91
Singapore,SG,Asia,2025-05,5,20.21,38.48,28.29,43.97,4.57,65.35
Singapore,SG,Asia,2025-06,6,19.74,37.1,25.86,45.22,4.44,65.39
Singapore,SG,Asia,2025-07,7,19.47,36.25,25.62,45.07,4.34,62.27
Singapore,SG,Asia,2025-08,8,15.12,29.37,22.7,43.32,3.44,52.48
Singapore,SG,Asia,2025-09,9,18.75,36.88,28.24,43.94,4.33,61.82
Singapore,SG,Asia,2025-10,10,23.42,44.05,30.68,45.41,5.27,73.08
Singapore,SG,Asia,2025-11,11,23.39,43.77,30.53,45.32,5.25,73.56
Singapore,SG,Asia,2025-12,12,25.93,50.46,37.62,44.17,5.95,79.35
Sydney,AU,Oceania,2023-01,1,12.77,25.16,20.95,49.82,2.55,47.16
Sydney,AU,Oceania,2023-02,2,14.38,27.8,22.02,50.46,2.88,52.38
Sydney,AU,Oceania,2023-03,3,17.14,33.1,26.03,50.62,3.43,59.57
Sydney,AU,Oceania,2023-04,4,16.71,32.4,25.76,50.45,3.34,58.75
Sydney,AU,Oceania,2023-05,5,14.71,29.31,24.56,49.73,2.94,53.32
Sydney,AU,Oceania,2023-06,6,20.77,40.15,31.38,50.83,4.15,67.7
Sydney,AU,Oceania,2023-07,7,17.39,35.08,29.69,49.82,3.48,60.56
Sydney,AU,Oceania,2023-08,8,18.8,36.99,30.31,50.19,3.76,63.36
Sydney,AU,Oceania,2023-09,9,15.62,30.56,25.14,50.09,3.12,55.09
Sydney,AU,Oceania,2023-10,10,14.84,29.33,24.71,49.83,2.97,53.31
Sydney,AU,Oceania,2023-11,11,18.26,34.4,26.24,50.75,3.65,61.6
Sydney,AU,Oceania,2023-12,12,12.43,24.5,20.8,49.73,2.49,45.86
Sydney,AU,Oceania,2024-01,1,11.97,23.65,20.54,49.57,2.39,44.54
Sydney,AU,Oceania,2024-02,2,12.78,24.97,20.84,49.75,2.56,47.91
Sydney,AU,Oceania,2024-03,3,16.48,32.02,25.66,50.39,3.3,57.66
Sydney,AU,Oceania,2024-04,4,14.92,29.76,24.92,49.95,2.98,53.49
Sydney,AU,Oceania,2024-05,5,15.12,29.84,24.92,49.95,3.02,53.87
Sydney,AU,Oceania,2024-06,6,17.95,35.71,29.86,49.92,3.59,60.88
Sydney,AU,Oceania,2024-07,7,17.99,35.81,29.94,49.96,3.6,61.55
Sydney,AU,Oceania,2024-08,8,18.81,37.14,30.38,50.23,3.76,63.58
Sydney,AU,Oceania,2024-09,9,15.76,31.07,25.36,50.21,3.15,55.84
Sydney,AU,Oceania,2024-10,10,15.32,30.29,25.08,50.04,3.06,53.62
Sydney,AU,Oceania,2024-11,11,17.34,33.23,26.08,50.65,3.47,59.5
Sydney,AU,Oceania,2024-12,12,13.21,25.83,21.19,49.96,2.64,48.09
Sydney,AU,Oceania,2025-01,1,12.13,24.22,20.81,49.74,2.43,45.07
Sydney,AU,Oceania,2025-02,2,14.1,27.52,21.92,50.4,2.82,51.94
Sydney,AU,Oceania,2025-03,3,12.28,25.14,23.32,48.99,2.46,45.96
Sydney,AU,Oceania,2025-04,4,15.02,29.53,24.73,49.84,3.01,52.79
Sydney,AU,Oceania,2025-05,5,15.04,29.49,24.65,49.79,3.01,52.7
Sydney,AU,Oceania,2025-06,6,15.7,32.54,28.85,49.31,3.14,56.32
Sydney,AU,Oceania,2025-07,7,19.61,38.42,30.81,50.49,3.92,65.84
Sydney,AU,Oceania,2025-08,8,18.32,36.49,30.16,50.1,3.66,62.49
Sydney,AU,Oceania,2025-09,9,13.1,26.93,23.92,49.35,2.62,48.7
Sydney,AU,Oceania,2025-10,10,15.66,30.93,25.31,50.19,3.13,55.38
Sydney,AU,Oceania,2025-11,11,14.92,29.36,24.73,49.84,2.98,53.58
Sydney,AU,Oceania,2025-12,12,12.17,23.85,20.4,49.49,2.43,44.77
São Paulo,BR,South America,2023-01,1,34.72,62.22,30.31,43.81,6.19,98.16
São Paulo,BR,South America,2023-02,2,40.83,71.87,33.59,45.77,7.32,112.5
São Paulo,BR,South America,2023-03,3,47.35,83.53,39.18,45.71,8.5,122.53
São Paulo,BR,South America,2023-04,4,45.39,80.58,38.19,45.12,8.08,122.1
São Paulo,BR,South America,2023-05,5,44.64,79.13,37.49,44.7,7.98,118.36
São Paulo,BR,South America,2023-06,6,56.82,99.82,46.75,45.69,10.2,140.3
São Paulo,BR,South America,2023-07,7,49.22,88.83,43.21,43.56,8.68,126.84
São Paulo,BR,South America,2023-08,8,57.93,101.9,47.57,46.18,10.39,143.78
São Paulo,BR,South America,2023-09,9,44.69,79.54,37.85,44.91,8.0,117.47
São Paulo,BR,South America,2023-10,10,48.74,85.62,39.87,46.12,8.75,124.45
São Paulo,BR,South America,2023-11,11,47.05,83.03,39.01,45.61,8.47,124.23
São Paulo,BR,South America,2023-12,12,34.54,61.64,29.96,43.6,6.16,96.23
São Paulo,BR,South America,2024-01,1,42.62,74.09,34.14,46.1,7.73,113.97
São Paulo,BR,South America,2024-02,2,39.65,70.09,33.0,45.42,7.08,109.09
São Paulo,BR,South America,2024-03,3,40.63,73.3,35.77,43.66,7.23,109.27
São Paulo,BR,South America,2024-04,4,45.67,80.68,37.9,44.89,8.17,120.51
São Paulo,BR,South America,2024-05,5,48.23,84.52,39.42,45.85,8.7,125.87
São Paulo,BR,South America,2024-06,6,52.86,94.3,45.03,44.66,9.37,136.16
São Paulo,BR,South America,2024-07,7,51.84,92.77,44.52,44.35,9.17,132.64
São Paulo,BR,South America,2024-08,8,49.7,89.55,43.45,43.71,8.76,128.79
São Paulo,BR,South America,2024-09,9,48.88,85.82,39.94,46.16,8.78,125.54
São Paulo,BR,South America,2024-10,10,49.43,86.65,40.22,46.33,8.89,128.09
São Paulo,BR,South America,2024-11,11,44.8,79.71,37.9,44.94,7.98,120.23
São Paulo,BR,South America,2024-12,12,38.17,67.62,32.17,44.92,6.81,106.99
São Paulo,BR,South America,2025-01,1,44.92,77.95,35.62,46.99,8.19,118.43
São Paulo,BR,South America,2025-02,2,36.93,65.78,31.56,44.56,6.6,102.48
São Paulo,BR,South America,2025-03,3,50.87,88.48,40.82,46.69,9.21,130.98
São Paulo,BR,South America,2025-04,4,49.47,85.78,39.83,46.1,9.03,123.71
São Paulo,BR,South America,2025-05,5,48.09,84.31,39.3,45.78,8.66,124.85
São Paulo,BR,South America,2025-06,6,54.15,96.22,45.67,45.04,9.63,138.7
São Paulo,BR,South America,2025-07,7,52.25,93.38,44.73,44.48,9.28,133.41
São Paulo,BR,South America,2025-08,8,61.59,107.39,49.39,47.28,11.12,152.8
São Paulo,BR,South America,2025-09,9,39.94,72.41,35.47,43.48,6.99,110.68
São Paulo,BR,South America,2025-10,10,42.51,75.98,36.66,44.2,7.53,114.25
São Paulo,BR,South America,2025-11,11,49.43,86.4,40.13,46.28,8.92,129.0
São Paulo,BR,South America,2025-12,12,33.61,60.81,29.9,43.56,5.92,95.94
Tokyo,JP,Asia,2023-01,1,34.22,61.08,37.26,40.52,5.54,98.64
Tokyo,JP,Asia,2023-02,2,33.43,59.89,36.86,40.28,5.4,96.87
Tokyo,JP,Asia,2023-03,3,25.45,45.68,28.23,40.14,4.09,78.63
Tokyo,JP,Asia,2023-04,4,25.63,45.95,28.32,40.19,4.13,79.3
Tokyo,JP,Asia,2023-05,5,25.01,45.02,28.01,40.0,4.03,77.61
Tokyo,JP,Asia,2023-06,6,21.05,37.82,23.57,39.86,3.45,67.75
Tokyo,JP,Asia,2023-07,7,26.53,46.05,26.28,41.49,4.48,80.97
Tokyo,JP,Asia,2023-08,8,23.07,40.8,24.61,40.49,3.85,72.41
Tokyo,JP,Asia,2023-09,9,23.76,42.81,26.99,39.39,3.82,74.55
Tokyo,JP,Asia,2023-10,10,23.94,43.41,27.47,39.68,3.8,75.25
Tokyo,JP,Asia,2023-11,11,24.9,44.86,27.95,39.97,3.99,77.44
Tokyo,JP,Asia,2023-12,12,35.01,62.27,37.66,40.75,5.7,100.43
Tokyo,JP,Asia,2024-01,1,32.3,58.21,36.3,39.94,5.19,94.16
Tokyo,JP,Asia,2024-02,2,34.39,61.34,37.35,40.57,5.58,99.41
Tokyo,JP,Asia,2024-03,3,26.38,47.05,28.68,40.41,4.31,80.57
Tokyo,JP,Asia,2024-04,4,22.55,41.21,26.74,39.24,3.56,71.86
Tokyo,JP,Asia,2024-05,5,24.95,44.93,27.98,39.98,4.04,76.98
Tokyo,JP,Asia,2024-06,6,22.31,39.7,24.26,40.28,3.71,70.26
Tokyo,JP,Asia,2024-07,7,23.94,42.24,25.13,40.8,4.0,74.67
Tokyo,JP,Asia,2024-08,8,23.49,41.48,24.68,40.53,3.88,74.09
Tokyo,JP,Asia,2024-09,9,26.37,47.05,28.68,40.41,4.31,80.53
Tokyo,JP,Asia,2024-10,10,24.52,44.13,27.56,39.74,3.94,76.39
Tokyo,JP,Asia,2024-11,11,25.36,45.37,27.86,39.91,4.12,78.28
Tokyo,JP,Asia,2024-12,12,31.77,57.4,36.03,39.78,5.08,92.85
Tokyo,JP,Asia,2025-01,1,32.27,58.15,36.28,39.93,5.15,94.31
Tokyo,JP,Asia,2025-02,2,33.02,59.29,36.66,40.16,5.3,96.04
Tokyo,JP,Asia,2025-03,3,27.0,47.99,29.0,40.6,4.41,82.26
Tokyo,JP,Asia,2025-04,4,23.65,42.82,27.27,39.56,3.82,73.93
Tokyo,JP,Asia,2025-05,5,26.28,46.92,28.64,40.38,4.3,80.19
Tokyo,JP,Asia,2025-06,6,20.71,36.96,23.21,39.65,3.42,66.15
Tokyo,JP,Asia,2025-07,7,23.2,41.18,24.78,40.58,3.83,72.95
Tokyo,JP,Asia,2025-08,8,21.43,38.14,23.61,39.89,3.56,68.11
Tokyo,JP,Asia,2025-09,9,28.33,50.0,29.67,41.0,4.67,85.11
Tokyo,JP,Asia,2025-10,10,27.16,48.24,29.08,40.65,4.43,82.73
Tokyo,JP,Asia,2025-11,11,26.67,47.5,28.83,40.5,4.35,81.42
Tokyo,JP,Asia,2025-12,12,30.39,55.34,35.35,39.37,4.78,90.09
Toronto,CA,North America,2023-01,1,24.54,46.87,35.55,45.49,4.91,75.92
Toronto,CA,North America,2023-02,2,21.56,42.53,34.11,44.63,4.31,68.29
Toronto,CA,North America,2023-03,3,21.35,39.84,28.5,46.3,4.27,68.42
Toronto,CA,North America,2023-04,4,21.98,40.78,28.87,46.52,4.4,70.12
Toronto,CA,North America,2023-05,5,21.94,40.32,28.67,46.4,4.39,68.77
Toronto,CA,North America,2023-06,6,14.86,28.29,22.1,44.98,2.97,51.71
Toronto,CA,North America,2023-07,7,17.11,31.82,23.44,45.79,3.42,56.97
Toronto,CA,North America,2023-08,8,19.19,35.15,24.74,46.56,3.84,62.4
Toronto,CA,North America,2023-09,9,18.15,34.73,26.63,45.18,3.63,60.91
Toronto,CA,North America,2023-10,10,20.1,37.59,27.81,45.89,4.02,65.11
Toronto,CA,North America,2023-11,11,22.48,41.53,29.13,46.68,4.5,71.11
Toronto,CA,North America,2023-12,12,28.28,52.82,37.54,46.68,5.65,85.29
Toronto,CA,North America,2024-01,1,23.94,45.92,35.21,45.29,4.79,74.42
Toronto,CA,North America,2024-02,2,27.81,52.12,37.3,46.54,5.56,83.9
Toronto,CA,North America,2024-03,3,19.47,36.77,27.28,45.57,3.89,63.28
Toronto,CA,North America,2024-04,4,22.32,41.32,29.11,46.66,4.46,70.98
Toronto,CA,North America,2024-05,5,19.95,37.65,27.88,45.93,3.99,64.92
Toronto,CA,North America,2024-06,6,18.26,33.95,24.35,46.33,3.65,62.01
Toronto,CA,North America,2024-07,7,13.88,26.83,21.78,44.79,2.78,49.72
Toronto,CA,North America,2024-08,8,21.47,38.87,25.93,47.28,4.29,68.75
Toronto,CA,North America,2024-09,9,22.18,41.08,28.91,46.55,4.43,70.47
Toronto,CA,North America,2024-10,10,19.6,37.23,27.62,45.77,3.92,64.94
Toronto,CA,North America,2024-11,11,17.68,34.34,26.75,45.25,3.54,59.53
Toronto,CA,North America,2024-12,12,26.78,50.47,36.76,46.22,5.36,80.96
Toronto,CA,North America,2025-01,1,24.16,46.39,35.3,45.34,4.83,75.28
Toronto,CA,North America,2025-02,2,24.22,45.94,35.14,45.25,4.84,74.58
Toronto,CA,North America,2025-03,3,20.12,37.82,27.88,45.93,4.02,65.42
Toronto,CA,North America,2025-04,4,20.1,37.73,27.74,45.84,4.02,64.61
Toronto,CA,North America,2025-05,5,23.58,42.92,29.43,46.86,4.72,73.81
Toronto,CA,North America,2025-06,6,18.23,33.58,23.67,45.92,3.65,60.54
Toronto,CA,North America,2025-07,7,15.56,29.62,22.62,45.29,3.11,53.48
Toronto,CA,North America,2025-08,8,20.19,36.78,25.27,46.88,4.04,65.36
Toronto,CA,North America,2025-09,9,17.2,32.93,26.11,44.86,3.44,56.57
Toronto,CA,North America,2025-10,10,18.5,35.02,26.83,45.3,3.7,60.86
Toronto,CA,North America,2025-11,11,20.72,38.89,28.25,46.15,4.14,67.46
Toronto,CA,North America,2025-12,12,26.03,49.45,36.42,46.01,5.21,80.09
Warsaw,PL,Europe,2023-01,1,38.96,75.26,44.15,43.97,7.79,108.88
Warsaw,PL,Europe,2023-02,2,38.21,74.22,43.81,43.76,7.64,108.17
Warsaw,PL,Europe,2023-03,3,31.64,60.46,34.82,44.49,6.33,92.75
Warsaw,PL,Europe,2023-04,4,28.85,56.21,33.4,43.64,5.77,85.45
Warsaw,PL,Europe,2023-05,5,28.51,55.67,33.22,43.54,5.7,84.91
Warsaw,PL,Europe,2023-06,6,25.0,47.99,28.44,43.73,5.0,76.13
Warsaw,PL,Europe,2023-07,7,24.48,47.15,28.12,43.53,4.9,75.18
Warsaw,PL,Europe,2023-08,8,24.28,46.68,27.66,43.25,4.86,74.4
Warsaw,PL,Europe,2023-09,9,34.95,65.37,36.46,45.47,6.99,98.38
Warsaw,PL,Europe,2023-10,10,28.94,55.6,32.65,43.19,5.79,85.33
Warsaw,PL,Europe,2023-11,11,30.38,58.22,33.97,43.98,6.08,89.6
Warsaw,PL,Europe,2023-12,12,43.15,81.62,46.27,45.24,8.63,118.0
Warsaw,PL,Europe,2024-01,1,37.21,72.72,43.31,43.46,7.44,105.37
Warsaw,PL,Europe,2024-02,2,38.98,75.38,44.19,43.99,7.8,108.92
Warsaw,PL,Europe,2024-03,3,32.24,60.74,34.91,44.55,6.45,93.52
Warsaw,PL,Europe,2024-04,4,31.94,60.89,34.96,44.58,6.39,91.87
Warsaw,PL,Europe,2024-05,5,29.42,56.59,33.53,43.72,5.88,86.64
Warsaw,PL,Europe,2024-06,6,24.9,48.21,28.54,43.78,4.98,76.79
Warsaw,PL,Europe,2024-07,7,25.92,49.65,28.91,44.01,5.18,79.44
Warsaw,PL,Europe,2024-08,8,25.83,49.27,28.85,43.97,5.17,78.13
Warsaw,PL,Europe,2024-09,9,28.86,56.28,33.43,43.66,5.77,86.2
Warsaw,PL,Europe,2024-10,10,33.22,62.83,35.61,44.97,6.64,95.0
Warsaw,PL,Europe,2024-11,11,29.84,57.76,33.92,43.95,5.97,88.23
Warsaw,PL,Europe,2024-12,12,39.25,75.77,44.32,44.07,7.85,108.27
Warsaw,PL,Europe,2025-01,1,43.53,82.2,46.47,45.36,8.71,117.9
Warsaw,PL,Europe,2025-02,2,35.69,70.07,42.42,42.93,7.14,101.32
Warsaw,PL,Europe,2025-03,3,32.8,62.2,35.4,44.84,6.56,94.8
Warsaw,PL,Europe,2025-04,4,35.88,66.46,36.74,45.65,7.18,101.91
Warsaw,PL,Europe,2025-05,5,27.7,54.55,32.85,43.31,5.54,83.86
Warsaw,PL,Europe,2025-06,6,23.72,45.49,27.38,43.08,4.74,72.84
Warsaw,PL,Europe,2025-07,7,26.04,49.05,28.3,43.58,5.21,78.37
Warsaw,PL,Europe,2025-08,8,22.57,44.59,27.33,43.06,4.51,70.35
Warsaw,PL,Europe,2025-09,9,31.77,60.31,34.65,44.39,6.35,93.25
Warsaw,PL,Europe,2025-10,10,33.21,62.77,35.59,44.95,6.64,95.38
Warsaw,PL,Europe,2025-11,11,31.43,60.15,34.72,44.43,6.29,90.69
Warsaw,PL,Europe,2025-12,12,35.58,70.27,42.49,42.97,7.12,102.09
